kind	x	y	z	block	meta	extra
block	3	-8	3	grass	0	-1
block	3	-8	4	grass	0	-1
block	3	-8	5	grass	0	-1
block	3	-8	6	grass	0	-1
block	3	-8	7	grass	0	-1
block	3	-8	8	grass	0	-1
block	3	-8	9	grass	0	-1
block	3	-8	10	grass	0	-1
block	3	-8	11	grass	0	-1
block	3	-8	12	grass	0	-1
block	3	-8	13	grass	0	-1
block	3	-8	14	grass	0	-1
block	3	-8	15	grass	0	-1
block	3	-8	16	grass	0	-1
block	3	-8	17	grass	0	-1
block	3	-8	18	grass	0	-1
block	3	-8	19	grass	0	-1
block	3	-8	20	grass	0	-1
block	3	-8	21	grass	0	-1
block	3	-8	22	grass	0	-1
block	4	-8	3	grass	0	-1
block	4	-8	4	grass	0	-1
block	4	-8	5	grass	0	-1
block	4	-8	6	grass	0	-1
block	4	-8	7	grass	0	-1
block	4	-8	8	grass	0	-1
block	4	-8	9	grass	0	-1
block	4	-8	10	grass	0	-1
block	4	-8	11	grass	0	-1
block	4	-8	12	grass	0	-1
block	4	-8	13	grass	0	-1
block	4	-8	14	grass	0	-1
block	4	-8	15	grass	0	-1
block	4	-8	16	grass	0	-1
block	4	-8	17	grass	0	-1
block	4	-8	18	grass	0	-1
block	4	-8	19	grass	0	-1
block	4	-8	20	grass	0	-1
block	4	-8	21	grass	0	-1
block	4	-8	22	grass	0	-1
block	5	-8	3	grass	0	-1
block	5	-8	4	grass	0	-1
block	5	-8	5	grass	0	-1
block	5	-8	6	grass	0	-1
block	5	-8	7	grass	0	-1
block	5	-8	8	grass	0	-1
block	5	-8	9	grass	0	-1
block	5	-8	10	grass	0	-1
block	5	-8	11	grass	0	-1
block	5	-8	12	grass	0	-1
block	5	-8	13	grass	0	-1
block	5	-8	14	grass	0	-1
block	5	-8	15	grass	0	-1
block	5	-8	16	grass	0	-1
block	5	-8	17	grass	0	-1
block	5	-8	18	grass	0	-1
block	5	-8	19	grass	0	-1
block	5	-8	20	grass	0	-1
block	5	-8	21	grass	0	-1
block	5	-8	22	grass	0	-1
block	6	-8	3	grass	0	-1
block	6	-8	4	grass	0	-1
block	6	-8	5	grass	0	-1
block	6	-8	6	grass	0	-1
block	6	-8	7	grass	0	-1
block	6	-8	8	grass	0	-1
block	6	-8	9	grass	0	-1
block	6	-8	10	grass	0	-1
block	6	-8	11	grass	0	-1
block	6	-8	12	grass	0	-1
block	6	-8	13	grass	0	-1
block	6	-8	14	grass	0	-1
block	6	-8	15	grass	0	-1
block	6	-8	16	grass	0	-1
block	6	-8	17	grass	0	-1
block	6	-8	18	grass	0	-1
block	6	-8	19	grass	0	-1
block	6	-8	20	grass	0	-1
block	6	-8	21	grass	0	-1
block	6	-8	22	grass	0	-1
block	7	-8	3	grass	0	-1
block	7	-8	4	grass	0	-1
block	7	-8	5	grass	0	-1
block	7	-8	6	grass	0	-1
block	7	-8	7	grass	0	-1
block	7	-8	8	grass	0	-1
block	7	-8	9	grass	0	-1
block	7	-8	10	grass	0	-1
block	7	-8	11	grass	0	-1
block	7	-8	12	grass	0	-1
block	7	-8	13	grass	0	-1
block	7	-8	14	grass	0	-1
block	7	-8	15	grass	0	-1
block	7	-8	16	grass	0	-1
block	7	-8	17	grass	0	-1
block	7	-8	18	grass	0	-1
block	7	-8	19	grass	0	-1
block	7	-8	20	grass	0	-1
block	7	-8	21	grass	0	-1
block	7	-8	22	grass	0	-1
block	8	-8	3	grass	0	-1
block	8	-8	4	grass	0	-1
block	8	-8	5	grass	0	-1
block	8	-8	6	grass	0	-1
block	8	-8	7	grass	0	-1
block	8	-8	8	grass	0	-1
block	8	-8	9	grass	0	-1
block	8	-8	10	grass	0	-1
block	8	-8	11	grass	0	-1
block	8	-8	12	grass	0	-1
block	8	-8	13	grass	0	-1
block	8	-8	14	grass	0	-1
block	8	-8	15	grass	0	-1
block	8	-8	16	grass	0	-1
block	8	-8	17	grass	0	-1
block	8	-8	18	grass	0	-1
block	8	-8	19	grass	0	-1
block	8	-8	20	grass	0	-1
block	8	-8	21	grass	0	-1
block	8	-8	22	grass	0	-1
block	9	-8	3	grass	0	-1
block	9	-8	4	grass	0	-1
block	9	-8	5	grass	0	-1
block	9	-8	6	grass	0	-1
block	9	-8	7	grass	0	-1
block	9	-8	8	grass	0	-1
block	9	-8	9	grass	0	-1
block	9	-8	10	grass	0	-1
block	9	-8	11	grass	0	-1
block	9	-8	12	grass	0	-1
block	9	-8	13	grass	0	-1
block	9	-8	14	grass	0	-1
block	9	-8	15	grass	0	-1
block	9	-8	16	grass	0	-1
block	9	-8	17	grass	0	-1
block	9	-8	18	grass	0	-1
block	9	-8	19	grass	0	-1
block	9	-8	20	grass	0	-1
block	9	-8	21	grass	0	-1
block	9	-8	22	grass	0	-1
block	10	-8	3	grass	0	-1
block	10	-8	4	grass	0	-1
block	10	-8	5	grass	0	-1
block	10	-8	6	grass	0	-1
block	10	-8	7	grass	0	-1
block	10	-8	8	grass	0	-1
block	10	-8	9	grass	0	-1
block	10	-8	10	grass	0	-1
block	10	-8	11	grass	0	-1
block	10	-8	12	grass	0	-1
block	10	-8	13	grass	0	-1
block	10	-8	14	grass	0	-1
block	10	-8	15	grass	0	-1
block	10	-8	16	grass	0	-1
block	10	-8	17	grass	0	-1
block	10	-8	18	grass	0	-1
block	10	-8	19	grass	0	-1
block	10	-8	20	grass	0	-1
block	10	-8	21	grass	0	-1
block	10	-8	22	grass	0	-1
block	11	-8	3	grass	0	-1
block	11	-8	4	grass	0	-1
block	11	-8	5	grass	0	-1
block	11	-8	6	grass	0	-1
block	11	-8	7	grass	0	-1
block	11	-8	8	grass	0	-1
block	11	-8	9	grass	0	-1
block	11	-8	10	grass	0	-1
block	11	-8	11	grass	0	-1
block	11	-8	12	grass	0	-1
block	11	-8	13	grass	0	-1
block	11	-8	14	grass	0	-1
block	11	-8	15	grass	0	-1
block	11	-8	16	grass	0	-1
block	11	-8	17	grass	0	-1
block	11	-8	18	grass	0	-1
block	11	-8	19	grass	0	-1
block	11	-8	20	grass	0	-1
block	11	-8	21	grass	0	-1
block	11	-8	22	grass	0	-1
block	12	-8	3	grass	0	-1
block	12	-8	4	grass	0	-1
block	12	-8	5	grass	0	-1
block	12	-8	6	grass	0	-1
block	12	-8	7	grass	0	-1
block	12	-8	8	grass	0	-1
block	12	-8	9	grass	0	-1
block	12	-8	10	grass	0	-1
block	12	-8	11	grass	0	-1
block	12	-8	12	grass	0	-1
block	12	-8	13	grass	0	-1
block	12	-8	14	grass	0	-1
block	12	-8	15	grass	0	-1
block	12	-8	16	grass	0	-1
block	12	-8	17	grass	0	-1
block	12	-8	18	grass	0	-1
block	12	-8	19	grass	0	-1
block	12	-8	20	grass	0	-1
block	12	-8	21	grass	0	-1
block	12	-8	22	grass	0	-1
block	13	-8	3	grass	0	-1
block	13	-8	4	grass	0	-1
block	13	-8	5	grass	0	-1
block	13	-8	6	grass	0	-1
block	13	-8	7	grass	0	-1
block	13	-8	8	grass	0	-1
block	13	-8	9	grass	0	-1
block	13	-8	10	grass	0	-1
block	13	-8	11	grass	0	-1
block	13	-8	12	grass	0	-1
block	13	-8	13	grass	0	-1
block	13	-8	14	grass	0	-1
block	13	-8	15	grass	0	-1
block	13	-8	16	grass	0	-1
block	13	-8	17	grass	0	-1
block	13	-8	18	grass	0	-1
block	13	-8	19	grass	0	-1
block	13	-8	20	grass	0	-1
block	13	-8	21	grass	0	-1
block	13	-8	22	grass	0	-1
block	14	-8	3	grass	0	-1
block	14	-8	4	grass	0	-1
block	14	-8	5	grass	0	-1
block	14	-8	6	grass	0	-1
block	14	-8	7	grass	0	-1
block	14	-8	8	grass	0	-1
block	14	-8	9	grass	0	-1
block	14	-8	10	grass	0	-1
block	14	-8	11	grass	0	-1
block	14	-8	12	grass	0	-1
block	14	-8	13	grass	0	-1
block	14	-8	14	grass	0	-1
block	14	-8	15	grass	0	-1
block	14	-8	16	grass	0	-1
block	14	-8	17	grass	0	-1
block	14	-8	18	grass	0	-1
block	14	-8	19	grass	0	-1
block	14	-8	20	grass	0	-1
block	14	-8	21	grass	0	-1
block	14	-8	22	grass	0	-1
block	15	-8	3	grass	0	-1
block	15	-8	4	grass	0	-1
block	15	-8	5	grass	0	-1
block	15	-8	6	grass	0	-1
block	15	-8	7	grass	0	-1
block	15	-8	8	grass	0	-1
block	15	-8	9	grass	0	-1
block	15	-8	10	grass	0	-1
block	15	-8	11	grass	0	-1
block	15	-8	12	grass	0	-1
block	15	-8	13	grass	0	-1
block	15	-8	14	grass	0	-1
block	15	-8	15	grass	0	-1
block	15	-8	16	grass	0	-1
block	15	-8	17	grass	0	-1
block	15	-8	18	grass	0	-1
block	15	-8	19	grass	0	-1
block	15	-8	20	grass	0	-1
block	15	-8	21	grass	0	-1
block	15	-8	22	grass	0	-1
block	16	-8	3	grass	0	-1
block	16	-8	4	grass	0	-1
block	16	-8	5	grass	0	-1
block	16	-8	6	grass	0	-1
block	16	-8	7	grass	0	-1
block	16	-8	8	grass	0	-1
block	16	-8	9	grass	0	-1
block	16	-8	10	grass	0	-1
block	16	-8	11	grass	0	-1
block	16	-8	12	grass	0	-1
block	16	-8	13	grass	0	-1
block	16	-8	14	grass	0	-1
block	16	-8	15	grass	0	-1
block	16	-8	16	grass	0	-1
block	16	-8	17	grass	0	-1
block	16	-8	18	grass	0	-1
block	16	-8	19	grass	0	-1
block	16	-8	20	grass	0	-1
block	16	-8	21	grass	0	-1
block	16	-8	22	grass	0	-1
block	17	-8	3	grass	0	-1
block	17	-8	4	grass	0	-1
block	17	-8	5	grass	0	-1
block	17	-8	6	grass	0	-1
block	17	-8	7	grass	0	-1
block	17	-8	8	grass	0	-1
block	17	-8	9	grass	0	-1
block	17	-8	10	grass	0	-1
block	17	-8	11	grass	0	-1
block	17	-8	12	grass	0	-1
block	17	-8	13	grass	0	-1
block	17	-8	14	grass	0	-1
block	17	-8	15	grass	0	-1
block	17	-8	16	grass	0	-1
block	17	-8	17	grass	0	-1
block	17	-8	18	grass	0	-1
block	17	-8	19	grass	0	-1
block	17	-8	20	grass	0	-1
block	17	-8	21	grass	0	-1
block	17	-8	22	grass	0	-1
block	18	-8	3	grass	0	-1
block	18	-8	4	grass	0	-1
block	18	-8	5	grass	0	-1
block	18	-8	6	grass	0	-1
block	18	-8	7	grass	0	-1
block	18	-8	8	grass	0	-1
block	18	-8	9	grass	0	-1
block	18	-8	10	grass	0	-1
block	18	-8	11	grass	0	-1
block	18	-8	12	grass	0	-1
block	18	-8	13	grass	0	-1
block	18	-8	14	grass	0	-1
block	18	-8	15	grass	0	-1
block	18	-8	16	grass	0	-1
block	18	-8	17	grass	0	-1
block	18	-8	18	grass	0	-1
block	18	-8	19	grass	0	-1
block	18	-8	20	grass	0	-1
block	18	-8	21	grass	0	-1
block	18	-8	22	grass	0	-1
block	19	-8	3	grass	0	-1
block	19	-8	4	grass	0	-1
block	19	-8	5	grass	0	-1
block	19	-8	6	grass	0	-1
block	19	-8	7	grass	0	-1
block	19	-8	8	grass	0	-1
block	19	-8	9	grass	0	-1
block	19	-8	10	grass	0	-1
block	19	-8	11	grass	0	-1
block	19	-8	12	grass	0	-1
block	19	-8	13	grass	0	-1
block	19	-8	14	grass	0	-1
block	19	-8	15	grass	0	-1
block	19	-8	16	grass	0	-1
block	19	-8	17	grass	0	-1
block	19	-8	18	grass	0	-1
block	19	-8	19	grass	0	-1
block	19	-8	20	grass	0	-1
block	19	-8	21	grass	0	-1
block	19	-8	22	grass	0	-1
block	20	-8	3	grass	0	-1
block	20	-8	4	grass	0	-1
block	20	-8	5	grass	0	-1
block	20	-8	6	grass	0	-1
block	20	-8	7	grass	0	-1
block	20	-8	8	grass	0	-1
block	20	-8	9	grass	0	-1
block	20	-8	10	grass	0	-1
block	20	-8	11	grass	0	-1
block	20	-8	12	grass	0	-1
block	20	-8	13	grass	0	-1
block	20	-8	14	grass	0	-1
block	20	-8	15	grass	0	-1
block	20	-8	16	grass	0	-1
block	20	-8	17	grass	0	-1
block	20	-8	18	grass	0	-1
block	20	-8	19	grass	0	-1
block	20	-8	20	grass	0	-1
block	20	-8	21	grass	0	-1
block	20	-8	22	grass	0	-1
block	21	-8	3	grass	0	-1
block	21	-8	4	grass	0	-1
block	21	-8	5	grass	0	-1
block	21	-8	6	grass	0	-1
block	21	-8	7	grass	0	-1
block	21	-8	8	grass	0	-1
block	21	-8	9	grass	0	-1
block	21	-8	10	grass	0	-1
block	21	-8	11	grass	0	-1
block	21	-8	12	grass	0	-1
block	21	-8	13	grass	0	-1
block	21	-8	14	grass	0	-1
block	21	-8	15	grass	0	-1
block	21	-8	16	grass	0	-1
block	21	-8	17	grass	0	-1
block	21	-8	18	grass	0	-1
block	21	-8	19	grass	0	-1
block	21	-8	20	grass	0	-1
block	21	-8	21	grass	0	-1
block	21	-8	22	grass	0	-1
block	22	-8	3	grass	0	-1
block	22	-8	4	grass	0	-1
block	22	-8	5	grass	0	-1
block	22	-8	6	grass	0	-1
block	22	-8	7	grass	0	-1
block	22	-8	8	grass	0	-1
block	22	-8	9	grass	0	-1
block	22	-8	10	grass	0	-1
block	22	-8	11	grass	0	-1
block	22	-8	12	grass	0	-1
block	22	-8	13	grass	0	-1
block	22	-8	14	grass	0	-1
block	22	-8	15	grass	0	-1
block	22	-8	16	grass	0	-1
block	22	-8	17	grass	0	-1
block	22	-8	18	grass	0	-1
block	22	-8	19	grass	0	-1
block	22	-8	20	grass	0	-1
block	22	-8	21	grass	0	-1
block	22	-8	22	grass	0	-1
block	3	-7	3	grass	0	-1
block	3	-7	4	grass	0	-1
block	3	-7	5	grass	0	-1
block	3	-7	6	grass	0	-1
block	3	-7	7	grass	0	-1
block	3	-7	8	grass	0	-1
block	3	-7	9	grass	0	-1
block	3	-7	10	grass	0	-1
block	3	-7	11	grass	0	-1
block	3	-7	12	grass	0	-1
block	3	-7	13	grass	0	-1
block	3	-7	14	grass	0	-1
block	3	-7	15	grass	0	-1
block	3	-7	16	grass	0	-1
block	3	-7	17	grass	0	-1
block	3	-7	18	grass	0	-1
block	3	-7	19	grass	0	-1
block	3	-7	20	grass	0	-1
block	3	-7	21	grass	0	-1
block	3	-7	22	grass	0	-1
block	4	-7	3	grass	0	-1
block	4	-7	4	grass	0	-1
block	4	-7	5	grass	0	-1
block	4	-7	6	grass	0	-1
block	4	-7	7	grass	0	-1
block	4	-7	8	grass	0	-1
block	4	-7	9	grass	0	-1
block	4	-7	10	grass	0	-1
block	4	-7	11	grass	0	-1
block	4	-7	12	grass	0	-1
block	4	-7	13	grass	0	-1
block	4	-7	14	grass	0	-1
block	4	-7	15	grass	0	-1
block	4	-7	16	grass	0	-1
block	4	-7	17	grass	0	-1
block	4	-7	18	grass	0	-1
block	4	-7	19	grass	0	-1
block	4	-7	20	grass	0	-1
block	4	-7	21	grass	0	-1
block	4	-7	22	grass	0	-1
block	5	-7	3	grass	0	-1
block	5	-7	4	grass	0	-1
block	5	-7	5	grass	0	-1
block	5	-7	6	grass	0	-1
block	5	-7	7	grass	0	-1
block	5	-7	8	grass	0	-1
block	5	-7	9	grass	0	-1
block	5	-7	10	grass	0	-1
block	5	-7	11	grass	0	-1
block	5	-7	12	grass	0	-1
block	5	-7	13	grass	0	-1
block	5	-7	14	grass	0	-1
block	5	-7	15	grass	0	-1
block	5	-7	16	grass	0	-1
block	5	-7	17	grass	0	-1
block	5	-7	18	grass	0	-1
block	5	-7	19	grass	0	-1
block	5	-7	20	grass	0	-1
block	5	-7	21	grass	0	-1
block	5	-7	22	grass	0	-1
block	6	-7	3	grass	0	-1
block	6	-7	4	grass	0	-1
block	6	-7	5	grass	0	-1
block	6	-7	6	grass	0	-1
block	6	-7	7	grass	0	-1
block	6	-7	8	grass	0	-1
block	6	-7	9	grass	0	-1
block	6	-7	10	grass	0	-1
block	6	-7	11	grass	0	-1
block	6	-7	12	grass	0	-1
block	6	-7	13	grass	0	-1
block	6	-7	14	grass	0	-1
block	6	-7	15	grass	0	-1
block	6	-7	16	grass	0	-1
block	6	-7	17	grass	0	-1
block	6	-7	18	grass	0	-1
block	6	-7	19	grass	0	-1
block	6	-7	20	grass	0	-1
block	6	-7	21	grass	0	-1
block	6	-7	22	grass	0	-1
block	7	-7	3	grass	0	-1
block	7	-7	4	grass	0	-1
block	7	-7	5	grass	0	-1
block	7	-7	6	grass	0	-1
block	7	-7	7	grass	0	-1
block	7	-7	8	grass	0	-1
block	7	-7	9	grass	0	-1
block	7	-7	10	grass	0	-1
block	7	-7	11	grass	0	-1
block	7	-7	12	grass	0	-1
block	7	-7	13	grass	0	-1
block	7	-7	14	grass	0	-1
block	7	-7	15	grass	0	-1
block	7	-7	16	grass	0	-1
block	7	-7	17	grass	0	-1
block	7	-7	18	grass	0	-1
block	7	-7	19	grass	0	-1
block	7	-7	20	grass	0	-1
block	7	-7	21	grass	0	-1
block	7	-7	22	grass	0	-1
block	8	-7	3	grass	0	-1
block	8	-7	4	grass	0	-1
block	8	-7	5	grass	0	-1
block	8	-7	6	grass	0	-1
block	8	-7	7	grass	0	-1
block	8	-7	8	grass	0	-1
block	8	-7	9	grass	0	-1
block	8	-7	10	grass	0	-1
block	8	-7	11	grass	0	-1
block	8	-7	12	grass	0	-1
block	8	-7	13	grass	0	-1
block	8	-7	14	grass	0	-1
block	8	-7	15	grass	0	-1
block	8	-7	16	grass	0	-1
block	8	-7	17	grass	0	-1
block	8	-7	18	grass	0	-1
block	8	-7	19	grass	0	-1
block	8	-7	20	grass	0	-1
block	8	-7	21	grass	0	-1
block	8	-7	22	grass	0	-1
block	9	-7	3	grass	0	-1
block	9	-7	4	grass	0	-1
block	9	-7	5	grass	0	-1
block	9	-7	6	grass	0	-1
block	9	-7	7	grass	0	-1
block	9	-7	8	grass	0	-1
block	9	-7	9	grass	0	-1
block	9	-7	10	grass	0	-1
block	9	-7	11	grass	0	-1
block	9	-7	12	grass	0	-1
block	9	-7	13	grass	0	-1
block	9	-7	14	grass	0	-1
block	9	-7	15	grass	0	-1
block	9	-7	16	grass	0	-1
block	9	-7	17	grass	0	-1
block	9	-7	18	grass	0	-1
block	9	-7	19	grass	0	-1
block	9	-7	20	grass	0	-1
block	9	-7	21	grass	0	-1
block	9	-7	22	grass	0	-1
block	10	-7	3	grass	0	-1
block	10	-7	4	grass	0	-1
block	10	-7	5	grass	0	-1
block	10	-7	6	grass	0	-1
block	10	-7	7	grass	0	-1
block	10	-7	8	grass	0	-1
block	10	-7	9	grass	0	-1
block	10	-7	10	grass	0	-1
block	10	-7	11	grass	0	-1
block	10	-7	12	grass	0	-1
block	10	-7	13	grass	0	-1
block	10	-7	14	grass	0	-1
block	10	-7	15	grass	0	-1
block	10	-7	16	grass	0	-1
block	10	-7	17	grass	0	-1
block	10	-7	18	grass	0	-1
block	10	-7	19	grass	0	-1
block	10	-7	20	grass	0	-1
block	10	-7	21	grass	0	-1
block	10	-7	22	grass	0	-1
block	11	-7	3	grass	0	-1
block	11	-7	4	grass	0	-1
block	11	-7	5	grass	0	-1
block	11	-7	6	grass	0	-1
block	11	-7	7	grass	0	-1
block	11	-7	8	grass	0	-1
block	11	-7	9	grass	0	-1
block	11	-7	10	grass	0	-1
block	11	-7	11	grass	0	-1
block	11	-7	12	grass	0	-1
block	11	-7	13	grass	0	-1
block	11	-7	14	grass	0	-1
block	11	-7	15	grass	0	-1
block	11	-7	16	grass	0	-1
block	11	-7	17	grass	0	-1
block	11	-7	18	grass	0	-1
block	11	-7	19	grass	0	-1
block	11	-7	20	grass	0	-1
block	11	-7	21	grass	0	-1
block	11	-7	22	grass	0	-1
block	12	-7	3	grass	0	-1
block	12	-7	4	grass	0	-1
block	12	-7	5	grass	0	-1
block	12	-7	6	grass	0	-1
block	12	-7	7	grass	0	-1
block	12	-7	8	grass	0	-1
block	12	-7	9	grass	0	-1
block	12	-7	10	grass	0	-1
block	12	-7	11	grass	0	-1
block	12	-7	12	grass	0	-1
block	12	-7	13	grass	0	-1
block	12	-7	14	grass	0	-1
block	12	-7	15	grass	0	-1
block	12	-7	16	grass	0	-1
block	12	-7	17	grass	0	-1
block	12	-7	18	grass	0	-1
block	12	-7	19	grass	0	-1
block	12	-7	20	grass	0	-1
block	12	-7	21	grass	0	-1
block	12	-7	22	grass	0	-1
block	13	-7	3	grass	0	-1
block	13	-7	4	grass	0	-1
block	13	-7	5	grass	0	-1
block	13	-7	6	grass	0	-1
block	13	-7	7	grass	0	-1
block	13	-7	8	grass	0	-1
block	13	-7	9	grass	0	-1
block	13	-7	10	grass	0	-1
block	13	-7	11	grass	0	-1
block	13	-7	12	grass	0	-1
block	13	-7	13	grass	0	-1
block	13	-7	14	grass	0	-1
block	13	-7	15	grass	0	-1
block	13	-7	16	grass	0	-1
block	13	-7	17	grass	0	-1
block	13	-7	18	grass	0	-1
block	13	-7	19	grass	0	-1
block	13	-7	20	grass	0	-1
block	13	-7	21	grass	0	-1
block	13	-7	22	grass	0	-1
block	14	-7	3	grass	0	-1
block	14	-7	4	grass	0	-1
block	14	-7	5	grass	0	-1
block	14	-7	6	grass	0	-1
block	14	-7	7	grass	0	-1
block	14	-7	8	grass	0	-1
block	14	-7	9	grass	0	-1
block	14	-7	10	grass	0	-1
block	14	-7	11	grass	0	-1
block	14	-7	12	grass	0	-1
block	14	-7	13	grass	0	-1
block	14	-7	14	grass	0	-1
block	14	-7	15	grass	0	-1
block	14	-7	16	grass	0	-1
block	14	-7	17	grass	0	-1
block	14	-7	18	grass	0	-1
block	14	-7	19	grass	0	-1
block	14	-7	20	grass	0	-1
block	14	-7	21	grass	0	-1
block	14	-7	22	grass	0	-1
block	15	-7	3	grass	0	-1
block	15	-7	4	grass	0	-1
block	15	-7	5	grass	0	-1
block	15	-7	6	grass	0	-1
block	15	-7	7	grass	0	-1
block	15	-7	8	grass	0	-1
block	15	-7	9	grass	0	-1
block	15	-7	10	grass	0	-1
block	15	-7	11	grass	0	-1
block	15	-7	12	grass	0	-1
block	15	-7	13	grass	0	-1
block	15	-7	14	grass	0	-1
block	15	-7	15	grass	0	-1
block	15	-7	16	grass	0	-1
block	15	-7	17	grass	0	-1
block	15	-7	18	grass	0	-1
block	15	-7	19	grass	0	-1
block	15	-7	20	grass	0	-1
block	15	-7	21	grass	0	-1
block	15	-7	22	grass	0	-1
block	16	-7	3	grass	0	-1
block	16	-7	4	grass	0	-1
block	16	-7	5	grass	0	-1
block	16	-7	6	grass	0	-1
block	16	-7	7	grass	0	-1
block	16	-7	8	grass	0	-1
block	16	-7	9	grass	0	-1
block	16	-7	10	grass	0	-1
block	16	-7	11	grass	0	-1
block	16	-7	12	grass	0	-1
block	16	-7	13	grass	0	-1
block	16	-7	14	grass	0	-1
block	16	-7	15	grass	0	-1
block	16	-7	16	grass	0	-1
block	16	-7	17	grass	0	-1
block	16	-7	18	grass	0	-1
block	16	-7	19	grass	0	-1
block	16	-7	20	grass	0	-1
block	16	-7	21	grass	0	-1
block	16	-7	22	grass	0	-1
block	17	-7	3	grass	0	-1
block	17	-7	4	grass	0	-1
block	17	-7	5	grass	0	-1
block	17	-7	6	grass	0	-1
block	17	-7	7	grass	0	-1
block	17	-7	8	grass	0	-1
block	17	-7	9	grass	0	-1
block	17	-7	10	grass	0	-1
block	17	-7	11	grass	0	-1
block	17	-7	12	grass	0	-1
block	17	-7	13	grass	0	-1
block	17	-7	14	grass	0	-1
block	17	-7	15	grass	0	-1
block	17	-7	16	grass	0	-1
block	17	-7	17	grass	0	-1
block	17	-7	18	grass	0	-1
block	17	-7	19	grass	0	-1
block	17	-7	20	grass	0	-1
block	17	-7	21	grass	0	-1
block	17	-7	22	grass	0	-1
block	18	-7	3	grass	0	-1
block	18	-7	4	grass	0	-1
block	18	-7	5	grass	0	-1
block	18	-7	6	grass	0	-1
block	18	-7	7	grass	0	-1
block	18	-7	8	grass	0	-1
block	18	-7	9	grass	0	-1
block	18	-7	10	grass	0	-1
block	18	-7	11	grass	0	-1
block	18	-7	12	grass	0	-1
block	18	-7	13	grass	0	-1
block	18	-7	14	grass	0	-1
block	18	-7	15	grass	0	-1
block	18	-7	16	grass	0	-1
block	18	-7	17	grass	0	-1
block	18	-7	18	grass	0	-1
block	18	-7	19	grass	0	-1
block	18	-7	20	grass	0	-1
block	18	-7	21	grass	0	-1
block	18	-7	22	grass	0	-1
block	19	-7	3	grass	0	-1
block	19	-7	4	grass	0	-1
block	19	-7	5	grass	0	-1
block	19	-7	6	grass	0	-1
block	19	-7	7	grass	0	-1
block	19	-7	8	grass	0	-1
block	19	-7	9	grass	0	-1
block	19	-7	10	grass	0	-1
block	19	-7	11	grass	0	-1
block	19	-7	12	grass	0	-1
block	19	-7	13	grass	0	-1
block	19	-7	14	grass	0	-1
block	19	-7	15	grass	0	-1
block	19	-7	16	grass	0	-1
block	19	-7	17	grass	0	-1
block	19	-7	18	grass	0	-1
block	19	-7	19	grass	0	-1
block	19	-7	20	grass	0	-1
block	19	-7	21	grass	0	-1
block	19	-7	22	grass	0	-1
block	20	-7	3	grass	0	-1
block	20	-7	4	grass	0	-1
block	20	-7	5	grass	0	-1
block	20	-7	6	grass	0	-1
block	20	-7	7	grass	0	-1
block	20	-7	8	grass	0	-1
block	20	-7	9	grass	0	-1
block	20	-7	10	grass	0	-1
block	20	-7	11	grass	0	-1
block	20	-7	12	grass	0	-1
block	20	-7	13	grass	0	-1
block	20	-7	14	grass	0	-1
block	20	-7	15	grass	0	-1
block	20	-7	16	grass	0	-1
block	20	-7	17	grass	0	-1
block	20	-7	18	grass	0	-1
block	20	-7	19	grass	0	-1
block	20	-7	20	grass	0	-1
block	20	-7	21	grass	0	-1
block	20	-7	22	grass	0	-1
block	21	-7	3	grass	0	-1
block	21	-7	4	grass	0	-1
block	21	-7	5	grass	0	-1
block	21	-7	6	grass	0	-1
block	21	-7	7	grass	0	-1
block	21	-7	8	grass	0	-1
block	21	-7	9	grass	0	-1
block	21	-7	10	grass	0	-1
block	21	-7	11	grass	0	-1
block	21	-7	12	grass	0	-1
block	21	-7	13	grass	0	-1
block	21	-7	14	grass	0	-1
block	21	-7	15	grass	0	-1
block	21	-7	16	grass	0	-1
block	21	-7	17	grass	0	-1
block	21	-7	18	grass	0	-1
block	21	-7	19	grass	0	-1
block	21	-7	20	grass	0	-1
block	21	-7	21	grass	0	-1
block	21	-7	22	grass	0	-1
block	22	-7	3	grass	0	-1
block	22	-7	4	grass	0	-1
block	22	-7	5	grass	0	-1
block	22	-7	6	grass	0	-1
block	22	-7	7	grass	0	-1
block	22	-7	8	grass	0	-1
block	22	-7	9	grass	0	-1
block	22	-7	10	grass	0	-1
block	22	-7	11	grass	0	-1
block	22	-7	12	grass	0	-1
block	22	-7	13	grass	0	-1
block	22	-7	14	grass	0	-1
block	22	-7	15	grass	0	-1
block	22	-7	16	grass	0	-1
block	22	-7	17	grass	0	-1
block	22	-7	18	grass	0	-1
block	22	-7	19	grass	0	-1
block	22	-7	20	grass	0	-1
block	22	-7	21	grass	0	-1
block	22	-7	22	grass	0	-1
block	3	-6	3	grass	0	-1
block	3	-6	4	grass	0	-1
block	3	-6	5	grass	0	-1
block	3	-6	6	grass	0	-1
block	3	-6	7	grass	0	-1
block	3	-6	8	grass	0	-1
block	3	-6	9	grass	0	-1
block	3	-6	10	grass	0	-1
block	3	-6	11	grass	0	-1
block	3	-6	12	grass	0	-1
block	3	-6	13	grass	0	-1
block	3	-6	14	grass	0	-1
block	3	-6	15	grass	0	-1
block	3	-6	16	grass	0	-1
block	3	-6	17	grass	0	-1
block	3	-6	18	grass	0	-1
block	3	-6	19	grass	0	-1
block	3	-6	20	grass	0	-1
block	3	-6	21	grass	0	-1
block	3	-6	22	grass	0	-1
block	4	-6	3	grass	0	-1
block	4	-6	4	grass	0	-1
block	4	-6	5	grass	0	-1
block	4	-6	6	grass	0	-1
block	4	-6	7	grass	0	-1
block	4	-6	8	grass	0	-1
block	4	-6	9	grass	0	-1
block	4	-6	10	grass	0	-1
block	4	-6	11	grass	0	-1
block	4	-6	12	grass	0	-1
block	4	-6	13	grass	0	-1
block	4	-6	14	grass	0	-1
block	4	-6	15	grass	0	-1
block	4	-6	16	grass	0	-1
block	4	-6	17	grass	0	-1
block	4	-6	18	grass	0	-1
block	4	-6	19	grass	0	-1
block	4	-6	20	grass	0	-1
block	4	-6	21	grass	0	-1
block	4	-6	22	grass	0	-1
block	5	-6	3	grass	0	-1
block	5	-6	4	grass	0	-1
block	5	-6	5	grass	0	-1
block	5	-6	6	grass	0	-1
block	5	-6	7	grass	0	-1
block	5	-6	8	grass	0	-1
block	5	-6	9	grass	0	-1
block	5	-6	10	grass	0	-1
block	5	-6	11	grass	0	-1
block	5	-6	12	grass	0	-1
block	5	-6	13	grass	0	-1
block	5	-6	14	grass	0	-1
block	5	-6	15	grass	0	-1
block	5	-6	16	grass	0	-1
block	5	-6	17	grass	0	-1
block	5	-6	18	grass	0	-1
block	5	-6	19	grass	0	-1
block	5	-6	20	grass	0	-1
block	5	-6	21	grass	0	-1
block	5	-6	22	grass	0	-1
block	6	-6	3	grass	0	-1
block	6	-6	4	grass	0	-1
block	6	-6	5	grass	0	-1
block	6	-6	6	grass	0	-1
block	6	-6	7	grass	0	-1
block	6	-6	8	grass	0	-1
block	6	-6	9	grass	0	-1
block	6	-6	10	grass	0	-1
block	6	-6	11	grass	0	-1
block	6	-6	12	grass	0	-1
block	6	-6	13	grass	0	-1
block	6	-6	14	grass	0	-1
block	6	-6	15	grass	0	-1
block	6	-6	16	grass	0	-1
block	6	-6	17	grass	0	-1
block	6	-6	18	grass	0	-1
block	6	-6	19	grass	0	-1
block	6	-6	20	grass	0	-1
block	6	-6	21	grass	0	-1
block	6	-6	22	grass	0	-1
block	7	-6	3	grass	0	-1
block	7	-6	4	grass	0	-1
block	7	-6	5	grass	0	-1
block	7	-6	6	grass	0	-1
block	7	-6	7	grass	0	-1
block	7	-6	8	grass	0	-1
block	7	-6	9	grass	0	-1
block	7	-6	10	grass	0	-1
block	7	-6	11	grass	0	-1
block	7	-6	12	grass	0	-1
block	7	-6	13	grass	0	-1
block	7	-6	14	grass	0	-1
block	7	-6	15	grass	0	-1
block	7	-6	16	grass	0	-1
block	7	-6	17	grass	0	-1
block	7	-6	18	grass	0	-1
block	7	-6	19	grass	0	-1
block	7	-6	20	grass	0	-1
block	7	-6	21	grass	0	-1
block	7	-6	22	grass	0	-1
block	8	-6	3	grass	0	-1
block	8	-6	4	grass	0	-1
block	8	-6	5	grass	0	-1
block	8	-6	6	grass	0	-1
block	8	-6	7	grass	0	-1
block	8	-6	8	grass	0	-1
block	8	-6	9	grass	0	-1
block	8	-6	10	grass	0	-1
block	8	-6	11	grass	0	-1
block	8	-6	12	grass	0	-1
block	8	-6	13	grass	0	-1
block	8	-6	14	grass	0	-1
block	8	-6	15	grass	0	-1
block	8	-6	16	grass	0	-1
block	8	-6	17	grass	0	-1
block	8	-6	18	grass	0	-1
block	8	-6	19	grass	0	-1
block	8	-6	20	grass	0	-1
block	8	-6	21	grass	0	-1
block	8	-6	22	grass	0	-1
block	9	-6	3	grass	0	-1
block	9	-6	4	grass	0	-1
block	9	-6	5	grass	0	-1
block	9	-6	6	grass	0	-1
block	9	-6	7	grass	0	-1
block	9	-6	8	grass	0	-1
block	9	-6	9	grass	0	-1
block	9	-6	10	grass	0	-1
block	9	-6	11	grass	0	-1
block	9	-6	12	grass	0	-1
block	9	-6	13	grass	0	-1
block	9	-6	14	grass	0	-1
block	9	-6	15	grass	0	-1
block	9	-6	16	grass	0	-1
block	9	-6	17	grass	0	-1
block	9	-6	18	grass	0	-1
block	9	-6	19	grass	0	-1
block	9	-6	20	grass	0	-1
block	9	-6	21	grass	0	-1
block	9	-6	22	grass	0	-1
block	10	-6	3	grass	0	-1
block	10	-6	4	grass	0	-1
block	10	-6	5	grass	0	-1
block	10	-6	6	grass	0	-1
block	10	-6	7	grass	0	-1
block	10	-6	8	grass	0	-1
block	10	-6	9	grass	0	-1
block	10	-6	10	grass	0	-1
block	10	-6	11	grass	0	-1
block	10	-6	12	grass	0	-1
block	10	-6	13	grass	0	-1
block	10	-6	14	grass	0	-1
block	10	-6	15	grass	0	-1
block	10	-6	16	grass	0	-1
block	10	-6	17	grass	0	-1
block	10	-6	18	grass	0	-1
block	10	-6	19	grass	0	-1
block	10	-6	20	grass	0	-1
block	10	-6	21	grass	0	-1
block	10	-6	22	grass	0	-1
block	11	-6	3	grass	0	-1
block	11	-6	4	grass	0	-1
block	11	-6	5	grass	0	-1
block	11	-6	6	grass	0	-1
block	11	-6	7	grass	0	-1
block	11	-6	8	grass	0	-1
block	11	-6	9	grass	0	-1
block	11	-6	10	grass	0	-1
block	11	-6	11	grass	0	-1
block	11	-6	12	grass	0	-1
block	11	-6	13	grass	0	-1
block	11	-6	14	grass	0	-1
block	11	-6	15	grass	0	-1
block	11	-6	16	grass	0	-1
block	11	-6	17	grass	0	-1
block	11	-6	18	grass	0	-1
block	11	-6	19	grass	0	-1
block	11	-6	20	grass	0	-1
block	11	-6	21	grass	0	-1
block	11	-6	22	grass	0	-1
block	12	-6	3	grass	0	-1
block	12	-6	4	grass	0	-1
block	12	-6	5	grass	0	-1
block	12	-6	6	grass	0	-1
block	12	-6	7	grass	0	-1
block	12	-6	8	grass	0	-1
block	12	-6	9	grass	0	-1
block	12	-6	10	grass	0	-1
block	12	-6	11	grass	0	-1
block	12	-6	12	grass	0	-1
block	12	-6	13	grass	0	-1
block	12	-6	14	grass	0	-1
block	12	-6	15	grass	0	-1
block	12	-6	16	grass	0	-1
block	12	-6	17	grass	0	-1
block	12	-6	18	grass	0	-1
block	12	-6	19	grass	0	-1
block	12	-6	20	grass	0	-1
block	12	-6	21	grass	0	-1
block	12	-6	22	grass	0	-1
block	13	-6	3	grass	0	-1
block	13	-6	4	grass	0	-1
block	13	-6	5	grass	0	-1
block	13	-6	6	grass	0	-1
block	13	-6	7	grass	0	-1
block	13	-6	8	grass	0	-1
block	13	-6	9	grass	0	-1
block	13	-6	10	grass	0	-1
block	13	-6	11	grass	0	-1
block	13	-6	12	grass	0	-1
block	13	-6	13	grass	0	-1
block	13	-6	14	grass	0	-1
block	13	-6	15	grass	0	-1
block	13	-6	16	grass	0	-1
block	13	-6	17	grass	0	-1
block	13	-6	18	grass	0	-1
block	13	-6	19	grass	0	-1
block	13	-6	20	grass	0	-1
block	13	-6	21	grass	0	-1
block	13	-6	22	grass	0	-1
block	14	-6	3	grass	0	-1
block	14	-6	4	grass	0	-1
block	14	-6	5	grass	0	-1
block	14	-6	6	grass	0	-1
block	14	-6	7	grass	0	-1
block	14	-6	8	grass	0	-1
block	14	-6	9	grass	0	-1
block	14	-6	10	grass	0	-1
block	14	-6	11	grass	0	-1
block	14	-6	12	grass	0	-1
block	14	-6	13	grass	0	-1
block	14	-6	14	grass	0	-1
block	14	-6	15	grass	0	-1
block	14	-6	16	grass	0	-1
block	14	-6	17	grass	0	-1
block	14	-6	18	grass	0	-1
block	14	-6	19	grass	0	-1
block	14	-6	20	grass	0	-1
block	14	-6	21	grass	0	-1
block	14	-6	22	grass	0	-1
block	15	-6	3	grass	0	-1
block	15	-6	4	grass	0	-1
block	15	-6	5	grass	0	-1
block	15	-6	6	grass	0	-1
block	15	-6	7	grass	0	-1
block	15	-6	8	grass	0	-1
block	15	-6	9	grass	0	-1
block	15	-6	10	grass	0	-1
block	15	-6	11	grass	0	-1
block	15	-6	12	grass	0	-1
block	15	-6	13	grass	0	-1
block	15	-6	14	grass	0	-1
block	15	-6	15	grass	0	-1
block	15	-6	16	grass	0	-1
block	15	-6	17	grass	0	-1
block	15	-6	18	grass	0	-1
block	15	-6	19	grass	0	-1
block	15	-6	20	grass	0	-1
block	15	-6	21	grass	0	-1
block	15	-6	22	grass	0	-1
block	16	-6	3	grass	0	-1
block	16	-6	4	grass	0	-1
block	16	-6	5	grass	0	-1
block	16	-6	6	grass	0	-1
block	16	-6	7	grass	0	-1
block	16	-6	8	grass	0	-1
block	16	-6	9	grass	0	-1
block	16	-6	10	grass	0	-1
block	16	-6	11	grass	0	-1
block	16	-6	12	grass	0	-1
block	16	-6	13	grass	0	-1
block	16	-6	14	grass	0	-1
block	16	-6	15	grass	0	-1
block	16	-6	16	grass	0	-1
block	16	-6	17	grass	0	-1
block	16	-6	18	grass	0	-1
block	16	-6	19	grass	0	-1
block	16	-6	20	grass	0	-1
block	16	-6	21	grass	0	-1
block	16	-6	22	grass	0	-1
block	17	-6	3	grass	0	-1
block	17	-6	4	grass	0	-1
block	17	-6	5	grass	0	-1
block	17	-6	6	grass	0	-1
block	17	-6	7	grass	0	-1
block	17	-6	8	grass	0	-1
block	17	-6	9	grass	0	-1
block	17	-6	10	grass	0	-1
block	17	-6	11	grass	0	-1
block	17	-6	12	grass	0	-1
block	17	-6	13	grass	0	-1
block	17	-6	14	grass	0	-1
block	17	-6	15	grass	0	-1
block	17	-6	16	grass	0	-1
block	17	-6	17	grass	0	-1
block	17	-6	18	grass	0	-1
block	17	-6	19	grass	0	-1
block	17	-6	20	grass	0	-1
block	17	-6	21	grass	0	-1
block	17	-6	22	grass	0	-1
block	18	-6	3	grass	0	-1
block	18	-6	4	grass	0	-1
block	18	-6	5	grass	0	-1
block	18	-6	6	grass	0	-1
block	18	-6	7	grass	0	-1
block	18	-6	8	grass	0	-1
block	18	-6	9	grass	0	-1
block	18	-6	10	grass	0	-1
block	18	-6	11	grass	0	-1
block	18	-6	12	grass	0	-1
block	18	-6	13	grass	0	-1
block	18	-6	14	grass	0	-1
block	18	-6	15	grass	0	-1
block	18	-6	16	grass	0	-1
block	18	-6	17	grass	0	-1
block	18	-6	18	grass	0	-1
block	18	-6	19	grass	0	-1
block	18	-6	20	grass	0	-1
block	18	-6	21	grass	0	-1
block	18	-6	22	grass	0	-1
block	19	-6	3	grass	0	-1
block	19	-6	4	grass	0	-1
block	19	-6	5	grass	0	-1
block	19	-6	6	grass	0	-1
block	19	-6	7	grass	0	-1
block	19	-6	8	grass	0	-1
block	19	-6	9	grass	0	-1
block	19	-6	10	grass	0	-1
block	19	-6	11	grass	0	-1
block	19	-6	12	grass	0	-1
block	19	-6	13	grass	0	-1
block	19	-6	14	grass	0	-1
block	19	-6	15	grass	0	-1
block	19	-6	16	grass	0	-1
block	19	-6	17	grass	0	-1
block	19	-6	18	grass	0	-1
block	19	-6	19	grass	0	-1
block	19	-6	20	grass	0	-1
block	19	-6	21	grass	0	-1
block	19	-6	22	grass	0	-1
block	20	-6	3	grass	0	-1
block	20	-6	4	grass	0	-1
block	20	-6	5	grass	0	-1
block	20	-6	6	grass	0	-1
block	20	-6	7	grass	0	-1
block	20	-6	8	grass	0	-1
block	20	-6	9	grass	0	-1
block	20	-6	10	grass	0	-1
block	20	-6	11	grass	0	-1
block	20	-6	12	grass	0	-1
block	20	-6	13	grass	0	-1
block	20	-6	14	grass	0	-1
block	20	-6	15	grass	0	-1
block	20	-6	16	grass	0	-1
block	20	-6	17	grass	0	-1
block	20	-6	18	grass	0	-1
block	20	-6	19	grass	0	-1
block	20	-6	20	grass	0	-1
block	20	-6	21	grass	0	-1
block	20	-6	22	grass	0	-1
block	21	-6	3	grass	0	-1
block	21	-6	4	grass	0	-1
block	21	-6	5	grass	0	-1
block	21	-6	6	grass	0	-1
block	21	-6	7	grass	0	-1
block	21	-6	8	grass	0	-1
block	21	-6	9	grass	0	-1
block	21	-6	10	grass	0	-1
block	21	-6	11	grass	0	-1
block	21	-6	12	grass	0	-1
block	21	-6	13	grass	0	-1
block	21	-6	14	grass	0	-1
block	21	-6	15	grass	0	-1
block	21	-6	16	grass	0	-1
block	21	-6	17	grass	0	-1
block	21	-6	18	grass	0	-1
block	21	-6	19	grass	0	-1
block	21	-6	20	grass	0	-1
block	21	-6	21	grass	0	-1
block	21	-6	22	grass	0	-1
block	22	-6	3	grass	0	-1
block	22	-6	4	grass	0	-1
block	22	-6	5	grass	0	-1
block	22	-6	6	grass	0	-1
block	22	-6	7	grass	0	-1
block	22	-6	8	grass	0	-1
block	22	-6	9	grass	0	-1
block	22	-6	10	grass	0	-1
block	22	-6	11	grass	0	-1
block	22	-6	12	grass	0	-1
block	22	-6	13	grass	0	-1
block	22	-6	14	grass	0	-1
block	22	-6	15	grass	0	-1
block	22	-6	16	grass	0	-1
block	22	-6	17	grass	0	-1
block	22	-6	18	grass	0	-1
block	22	-6	19	grass	0	-1
block	22	-6	20	grass	0	-1
block	22	-6	21	grass	0	-1
block	22	-6	22	grass	0	-1
block	3	-5	3	grass	0	-1
block	3	-5	4	grass	0	-1
block	3	-5	5	grass	0	-1
block	3	-5	6	grass	0	-1
block	3	-5	7	grass	0	-1
block	3	-5	8	grass	0	-1
block	3	-5	9	grass	0	-1
block	3	-5	10	grass	0	-1
block	3	-5	11	grass	0	-1
block	3	-5	12	grass	0	-1
block	3	-5	13	grass	0	-1
block	3	-5	14	grass	0	-1
block	3	-5	15	grass	0	-1
block	3	-5	16	grass	0	-1
block	3	-5	17	grass	0	-1
block	3	-5	18	grass	0	-1
block	3	-5	19	grass	0	-1
block	3	-5	20	grass	0	-1
block	3	-5	21	grass	0	-1
block	3	-5	22	grass	0	-1
block	4	-5	3	grass	0	-1
block	4	-5	4	grass	0	-1
block	4	-5	5	grass	0	-1
block	4	-5	6	grass	0	-1
block	4	-5	7	grass	0	-1
block	4	-5	8	grass	0	-1
block	4	-5	9	grass	0	-1
block	4	-5	10	grass	0	-1
block	4	-5	11	grass	0	-1
block	4	-5	12	grass	0	-1
block	4	-5	13	grass	0	-1
block	4	-5	14	grass	0	-1
block	4	-5	15	grass	0	-1
block	4	-5	16	grass	0	-1
block	4	-5	17	grass	0	-1
block	4	-5	18	grass	0	-1
block	4	-5	19	grass	0	-1
block	4	-5	20	grass	0	-1
block	4	-5	21	grass	0	-1
block	4	-5	22	grass	0	-1
block	5	-5	3	grass	0	-1
block	5	-5	4	grass	0	-1
block	5	-5	5	grass	0	-1
block	5	-5	6	grass	0	-1
block	5	-5	7	grass	0	-1
block	5	-5	8	grass	0	-1
block	5	-5	9	grass	0	-1
block	5	-5	10	grass	0	-1
block	5	-5	11	grass	0	-1
block	5	-5	12	grass	0	-1
block	5	-5	13	grass	0	-1
block	5	-5	14	grass	0	-1
block	5	-5	15	grass	0	-1
block	5	-5	16	grass	0	-1
block	5	-5	17	grass	0	-1
block	5	-5	18	grass	0	-1
block	5	-5	19	grass	0	-1
block	5	-5	20	grass	0	-1
block	5	-5	21	grass	0	-1
block	5	-5	22	grass	0	-1
block	6	-5	3	grass	0	-1
block	6	-5	4	grass	0	-1
block	6	-5	5	grass	0	-1
block	6	-5	6	grass	0	-1
block	6	-5	7	grass	0	-1
block	6	-5	8	grass	0	-1
block	6	-5	9	grass	0	-1
block	6	-5	10	grass	0	-1
block	6	-5	11	grass	0	-1
block	6	-5	12	grass	0	-1
block	6	-5	13	grass	0	-1
block	6	-5	14	grass	0	-1
block	6	-5	15	grass	0	-1
block	6	-5	16	grass	0	-1
block	6	-5	17	grass	0	-1
block	6	-5	18	grass	0	-1
block	6	-5	19	grass	0	-1
block	6	-5	20	grass	0	-1
block	6	-5	21	grass	0	-1
block	6	-5	22	grass	0	-1
block	7	-5	3	grass	0	-1
block	7	-5	4	grass	0	-1
block	7	-5	5	grass	0	-1
block	7	-5	6	grass	0	-1
block	7	-5	7	grass	0	-1
block	7	-5	8	grass	0	-1
block	7	-5	9	grass	0	-1
block	7	-5	10	grass	0	-1
block	7	-5	11	grass	0	-1
block	7	-5	12	grass	0	-1
block	7	-5	13	grass	0	-1
block	7	-5	14	grass	0	-1
block	7	-5	15	grass	0	-1
block	7	-5	16	grass	0	-1
block	7	-5	17	grass	0	-1
block	7	-5	18	grass	0	-1
block	7	-5	19	grass	0	-1
block	7	-5	20	grass	0	-1
block	7	-5	21	grass	0	-1
block	7	-5	22	grass	0	-1
block	8	-5	3	grass	0	-1
block	8	-5	4	grass	0	-1
block	8	-5	5	grass	0	-1
block	8	-5	6	grass	0	-1
block	8	-5	7	grass	0	-1
block	8	-5	8	grass	0	-1
block	8	-5	9	cobblestone	0	-1
block	8	-5	10	cobblestone	0	-1
block	8	-5	11	cobblestone	0	-1
block	8	-5	12	cobblestone	0	-1
block	8	-5	13	cobblestone	0	-1
block	8	-5	14	cobblestone	0	-1
block	8	-5	15	cobblestone	0	-1
block	8	-5	16	cobblestone	0	-1
block	8	-5	17	cobblestone	0	-1
block	8	-5	18	grass	0	-1
block	8	-5	19	grass	0	-1
block	8	-5	20	grass	0	-1
block	8	-5	21	grass	0	-1
block	8	-5	22	grass	0	-1
block	9	-5	3	grass	0	-1
block	9	-5	4	grass	0	-1
block	9	-5	5	grass	0	-1
block	9	-5	6	grass	0	-1
block	9	-5	7	grass	0	-1
block	9	-5	8	grass	0	-1
block	9	-5	9	cobblestone	0	-1
block	9	-5	10	cobblestone	0	-1
block	9	-5	11	cobblestone	0	-1
block	9	-5	12	cobblestone	0	-1
block	9	-5	13	cobblestone	0	-1
block	9	-5	14	cobblestone	0	-1
block	9	-5	15	cobblestone	0	-1
block	9	-5	16	cobblestone	0	-1
block	9	-5	17	cobblestone	0	-1
block	9	-5	18	grass	0	-1
block	9	-5	19	grass	0	-1
block	9	-5	20	grass	0	-1
block	9	-5	21	grass	0	-1
block	9	-5	22	grass	0	-1
block	10	-5	3	grass	0	-1
block	10	-5	4	grass	0	-1
block	10	-5	5	grass	0	-1
block	10	-5	6	grass	0	-1
block	10	-5	7	grass	0	-1
block	10	-5	8	grass	0	-1
block	10	-5	9	cobblestone	0	-1
block	10	-5	10	cobblestone	0	-1
block	10	-5	11	cobblestone	0	-1
block	10	-5	12	cobblestone	0	-1
block	10	-5	13	cobblestone	0	-1
block	10	-5	14	cobblestone	0	-1
block	10	-5	15	cobblestone	0	-1
block	10	-5	16	cobblestone	0	-1
block	10	-5	17	cobblestone	0	-1
block	10	-5	18	grass	0	-1
block	10	-5	19	grass	0	-1
block	10	-5	20	grass	0	-1
block	10	-5	21	grass	0	-1
block	10	-5	22	grass	0	-1
block	11	-5	3	grass	0	-1
block	11	-5	4	grass	0	-1
block	11	-5	5	grass	0	-1
block	11	-5	6	grass	0	-1
block	11	-5	7	grass	0	-1
block	11	-5	8	grass	0	-1
block	11	-5	9	cobblestone	0	-1
block	11	-5	10	cobblestone	0	-1
block	11	-5	11	cobblestone	0	-1
block	11	-5	12	cobblestone	0	-1
block	11	-5	13	cobblestone	0	-1
block	11	-5	14	cobblestone	0	-1
block	11	-5	15	cobblestone	0	-1
block	11	-5	16	cobblestone	0	-1
block	11	-5	17	cobblestone	0	-1
block	11	-5	18	grass	0	-1
block	11	-5	19	grass	0	-1
block	11	-5	20	grass	0	-1
block	11	-5	21	grass	0	-1
block	11	-5	22	grass	0	-1
block	12	-5	3	grass	0	-1
block	12	-5	4	grass	0	-1
block	12	-5	5	grass	0	-1
block	12	-5	6	grass	0	-1
block	12	-5	7	grass	0	-1
block	12	-5	8	grass	0	-1
block	12	-5	9	cobblestone	0	-1
block	12	-5	10	cobblestone	0	-1
block	12	-5	11	cobblestone	0	-1
block	12	-5	12	cobblestone	0	-1
block	12	-5	13	cobblestone	0	-1
block	12	-5	14	cobblestone	0	-1
block	12	-5	15	cobblestone	0	-1
block	12	-5	16	cobblestone	0	-1
block	12	-5	17	cobblestone	0	-1
block	12	-5	18	grass	0	-1
block	12	-5	19	grass	0	-1
block	12	-5	20	grass	0	-1
block	12	-5	21	grass	0	-1
block	12	-5	22	grass	0	-1
block	13	-5	3	grass	0	-1
block	13	-5	4	grass	0	-1
block	13	-5	5	grass	0	-1
block	13	-5	6	grass	0	-1
block	13	-5	7	grass	0	-1
block	13	-5	8	grass	0	-1
block	13	-5	9	cobblestone	0	-1
block	13	-5	10	cobblestone	0	-1
block	13	-5	11	cobblestone	0	-1
block	13	-5	12	cobblestone	0	-1
block	13	-5	13	cobblestone	0	-1
block	13	-5	14	cobblestone	0	-1
block	13	-5	15	cobblestone	0	-1
block	13	-5	16	cobblestone	0	-1
block	13	-5	17	cobblestone	0	-1
block	13	-5	18	grass	0	-1
block	13	-5	19	grass	0	-1
block	13	-5	20	grass	0	-1
block	13	-5	21	grass	0	-1
block	13	-5	22	grass	0	-1
block	14	-5	3	grass	0	-1
block	14	-5	4	grass	0	-1
block	14	-5	5	grass	0	-1
block	14	-5	6	grass	0	-1
block	14	-5	7	grass	0	-1
block	14	-5	8	grass	0	-1
block	14	-5	9	cobblestone	0	-1
block	14	-5	10	cobblestone	0	-1
block	14	-5	11	cobblestone	0	-1
block	14	-5	12	cobblestone	0	-1
block	14	-5	13	cobblestone	0	-1
block	14	-5	14	cobblestone	0	-1
block	14	-5	15	cobblestone	0	-1
block	14	-5	16	cobblestone	0	-1
block	14	-5	17	cobblestone	0	-1
block	14	-5	18	grass	0	-1
block	14	-5	19	grass	0	-1
block	14	-5	20	grass	0	-1
block	14	-5	21	grass	0	-1
block	14	-5	22	grass	0	-1
block	15	-5	3	grass	0	-1
block	15	-5	4	grass	0	-1
block	15	-5	5	grass	0	-1
block	15	-5	6	grass	0	-1
block	15	-5	7	grass	0	-1
block	15	-5	8	grass	0	-1
block	15	-5	9	cobblestone	0	-1
block	15	-5	10	cobblestone	0	-1
block	15	-5	11	cobblestone	0	-1
block	15	-5	12	cobblestone	0	-1
block	15	-5	13	cobblestone	0	-1
block	15	-5	14	cobblestone	0	-1
block	15	-5	15	cobblestone	0	-1
block	15	-5	16	cobblestone	0	-1
block	15	-5	17	cobblestone	0	-1
block	15	-5	18	grass	0	-1
block	15	-5	19	grass	0	-1
block	15	-5	20	grass	0	-1
block	15	-5	21	grass	0	-1
block	15	-5	22	grass	0	-1
block	16	-5	3	grass	0	-1
block	16	-5	4	grass	0	-1
block	16	-5	5	grass	0	-1
block	16	-5	6	grass	0	-1
block	16	-5	7	grass	0	-1
block	16	-5	8	grass	0	-1
block	16	-5	9	cobblestone	0	-1
block	16	-5	10	cobblestone	0	-1
block	16	-5	11	cobblestone	0	-1
block	16	-5	12	cobblestone	0	-1
block	16	-5	13	cobblestone	0	-1
block	16	-5	14	cobblestone	0	-1
block	16	-5	15	cobblestone	0	-1
block	16	-5	16	cobblestone	0	-1
block	16	-5	17	cobblestone	0	-1
block	16	-5	18	grass	0	-1
block	16	-5	19	grass	0	-1
block	16	-5	20	grass	0	-1
block	16	-5	21	grass	0	-1
block	16	-5	22	grass	0	-1
block	17	-5	3	grass	0	-1
block	17	-5	4	grass	0	-1
block	17	-5	5	grass	0	-1
block	17	-5	6	grass	0	-1
block	17	-5	7	grass	0	-1
block	17	-5	8	grass	0	-1
block	17	-5	9	cobblestone	0	-1
block	17	-5	10	cobblestone	0	-1
block	17	-5	11	cobblestone	0	-1
block	17	-5	12	cobblestone	0	-1
block	17	-5	13	cobblestone	0	-1
block	17	-5	14	cobblestone	0	-1
block	17	-5	15	cobblestone	0	-1
block	17	-5	16	cobblestone	0	-1
block	17	-5	17	cobblestone	0	-1
block	17	-5	18	grass	0	-1
block	17	-5	19	grass	0	-1
block	17	-5	20	grass	0	-1
block	17	-5	21	grass	0	-1
block	17	-5	22	grass	0	-1
block	18	-5	3	grass	0	-1
block	18	-5	4	grass	0	-1
block	18	-5	5	grass	0	-1
block	18	-5	6	grass	0	-1
block	18	-5	7	grass	0	-1
block	18	-5	8	grass	0	-1
block	18	-5	9	grass	0	-1
block	18	-5	10	grass	0	-1
block	18	-5	11	grass	0	-1
block	18	-5	12	grass	0	-1
block	18	-5	13	grass	0	-1
block	18	-5	14	grass	0	-1
block	18	-5	15	grass	0	-1
block	18	-5	16	grass	0	-1
block	18	-5	17	grass	0	-1
block	18	-5	18	grass	0	-1
block	18	-5	19	grass	0	-1
block	18	-5	20	grass	0	-1
block	18	-5	21	grass	0	-1
block	18	-5	22	grass	0	-1
block	19	-5	3	grass	0	-1
block	19	-5	4	grass	0	-1
block	19	-5	5	grass	0	-1
block	19	-5	6	grass	0	-1
block	19	-5	7	grass	0	-1
block	19	-5	8	grass	0	-1
block	19	-5	9	grass	0	-1
block	19	-5	10	grass	0	-1
block	19	-5	11	grass	0	-1
block	19	-5	12	grass	0	-1
block	19	-5	13	grass	0	-1
block	19	-5	14	grass	0	-1
block	19	-5	15	grass	0	-1
block	19	-5	16	grass	0	-1
block	19	-5	17	grass	0	-1
block	19	-5	18	grass	0	-1
block	19	-5	19	grass	0	-1
block	19	-5	20	grass	0	-1
block	19	-5	21	grass	0	-1
block	19	-5	22	grass	0	-1
block	20	-5	3	grass	0	-1
block	20	-5	4	grass	0	-1
block	20	-5	5	grass	0	-1
block	20	-5	6	grass	0	-1
block	20	-5	7	grass	0	-1
block	20	-5	8	grass	0	-1
block	20	-5	9	grass	0	-1
block	20	-5	10	grass	0	-1
block	20	-5	11	grass	0	-1
block	20	-5	12	grass	0	-1
block	20	-5	13	grass	0	-1
block	20	-5	14	grass	0	-1
block	20	-5	15	grass	0	-1
block	20	-5	16	grass	0	-1
block	20	-5	17	grass	0	-1
block	20	-5	18	grass	0	-1
block	20	-5	19	grass	0	-1
block	20	-5	20	grass	0	-1
block	20	-5	21	grass	0	-1
block	20	-5	22	grass	0	-1
block	21	-5	3	grass	0	-1
block	21	-5	4	grass	0	-1
block	21	-5	5	grass	0	-1
block	21	-5	6	grass	0	-1
block	21	-5	7	grass	0	-1
block	21	-5	8	grass	0	-1
block	21	-5	9	grass	0	-1
block	21	-5	10	grass	0	-1
block	21	-5	11	grass	0	-1
block	21	-5	12	grass	0	-1
block	21	-5	13	grass	0	-1
block	21	-5	14	grass	0	-1
block	21	-5	15	grass	0	-1
block	21	-5	16	grass	0	-1
block	21	-5	17	grass	0	-1
block	21	-5	18	grass	0	-1
block	21	-5	19	grass	0	-1
block	21	-5	20	grass	0	-1
block	21	-5	21	grass	0	-1
block	21	-5	22	grass	0	-1
block	22	-5	3	grass	0	-1
block	22	-5	4	grass	0	-1
block	22	-5	5	grass	0	-1
block	22	-5	6	grass	0	-1
block	22	-5	7	grass	0	-1
block	22	-5	8	grass	0	-1
block	22	-5	9	grass	0	-1
block	22	-5	10	grass	0	-1
block	22	-5	11	grass	0	-1
block	22	-5	12	grass	0	-1
block	22	-5	13	grass	0	-1
block	22	-5	14	grass	0	-1
block	22	-5	15	grass	0	-1
block	22	-5	16	grass	0	-1
block	22	-5	17	grass	0	-1
block	22	-5	18	grass	0	-1
block	22	-5	19	grass	0	-1
block	22	-5	20	grass	0	-1
block	22	-5	21	grass	0	-1
block	22	-5	22	grass	0	-1
block	3	-4	3	grass	0	-1
block	3	-4	4	grass	0	-1
block	3	-4	5	grass	0	-1
block	3	-4	6	grass	0	-1
block	3	-4	7	grass	0	-1
block	3	-4	8	grass	0	-1
block	3	-4	9	grass	0	-1
block	3	-4	10	grass	0	-1
block	3	-4	11	grass	0	-1
block	3	-4	12	grass	0	-1
block	3	-4	13	grass	0	-1
block	3	-4	14	grass	0	-1
block	3	-4	15	grass	0	-1
block	3	-4	16	grass	0	-1
block	3	-4	17	grass	0	-1
block	3	-4	18	grass	0	-1
block	3	-4	19	grass	0	-1
block	3	-4	20	grass	0	-1
block	3	-4	21	grass	0	-1
block	3	-4	22	grass	0	-1
block	4	-4	3	grass	0	-1
block	4	-4	4	grass	0	-1
block	4	-4	5	grass	0	-1
block	4	-4	6	grass	0	-1
block	4	-4	7	grass	0	-1
block	4	-4	8	grass	0	-1
block	4	-4	9	grass	0	-1
block	4	-4	10	grass	0	-1
block	4	-4	11	grass	0	-1
block	4	-4	12	grass	0	-1
block	4	-4	13	grass	0	-1
block	4	-4	14	grass	0	-1
block	4	-4	15	grass	0	-1
block	4	-4	16	grass	0	-1
block	4	-4	17	grass	0	-1
block	4	-4	18	grass	0	-1
block	4	-4	19	grass	0	-1
block	4	-4	20	grass	0	-1
block	4	-4	21	grass	0	-1
block	4	-4	22	grass	0	-1
block	5	-4	3	grass	0	-1
block	5	-4	4	grass	0	-1
block	5	-4	5	grass	0	-1
block	5	-4	6	grass	0	-1
block	5	-4	7	grass	0	-1
block	5	-4	8	grass	0	-1
block	5	-4	9	grass	0	-1
block	5	-4	10	grass	0	-1
block	5	-4	11	grass	0	-1
block	5	-4	12	grass	0	-1
block	5	-4	13	grass	0	-1
block	5	-4	14	grass	0	-1
block	5	-4	15	grass	0	-1
block	5	-4	16	grass	0	-1
block	5	-4	17	grass	0	-1
block	5	-4	18	grass	0	-1
block	5	-4	19	grass	0	-1
block	5	-4	20	grass	0	-1
block	5	-4	21	grass	0	-1
block	5	-4	22	grass	0	-1
block	6	-4	3	grass	0	-1
block	6	-4	4	grass	0	-1
block	6	-4	5	grass	0	-1
block	6	-4	6	grass	0	-1
block	6	-4	7	grass	0	-1
block	6	-4	8	grass	0	-1
block	6	-4	9	grass	0	-1
block	6	-4	10	grass	0	-1
block	6	-4	11	grass	0	-1
block	6	-4	12	grass	0	-1
block	6	-4	13	grass	0	-1
block	6	-4	14	grass	0	-1
block	6	-4	15	grass	0	-1
block	6	-4	16	grass	0	-1
block	6	-4	17	grass	0	-1
block	6	-4	18	grass	0	-1
block	6	-4	19	grass	0	-1
block	6	-4	20	grass	0	-1
block	6	-4	21	grass	0	-1
block	6	-4	22	grass	0	-1
block	7	-4	3	grass	0	-1
block	7	-4	4	grass	0	-1
block	7	-4	5	grass	0	-1
block	7	-4	6	grass	0	-1
block	7	-4	7	grass	0	-1
block	7	-4	8	grass	0	-1
block	7	-4	9	grass	0	-1
block	7	-4	10	grass	0	-1
block	7	-4	11	grass	0	-1
block	7	-4	12	grass	0	-1
block	7	-4	13	grass	0	-1
block	7	-4	14	grass	0	-1
block	7	-4	15	grass	0	-1
block	7	-4	16	grass	0	-1
block	7	-4	17	grass	0	-1
block	7	-4	18	grass	0	-1
block	7	-4	19	grass	0	-1
block	7	-4	20	grass	0	-1
block	7	-4	21	grass	0	-1
block	7	-4	22	grass	0	-1
block	8	-4	3	grass	0	-1
block	8	-4	4	grass	0	-1
block	8	-4	5	grass	0	-1
block	8	-4	6	grass	0	-1
block	8	-4	7	grass	0	-1
block	8	-4	8	grass	0	-1
block	8	-4	9	cobblestone	0	-1
block	8	-4	10	cobblestone	0	-1
block	8	-4	11	cobblestone	0	-1
block	8	-4	12	cobblestone	0	-1
block	8	-4	13	cobblestone	0	-1
block	8	-4	14	cobblestone	0	-1
block	8	-4	15	cobblestone	0	-1
block	8	-4	16	cobblestone	0	-1
block	8	-4	17	cobblestone	0	-1
block	8	-4	18	grass	0	-1
block	8	-4	19	grass	0	-1
block	8	-4	20	grass	0	-1
block	8	-4	21	grass	0	-1
block	8	-4	22	grass	0	-1
block	9	-4	3	grass	0	-1
block	9	-4	4	grass	0	-1
block	9	-4	5	grass	0	-1
block	9	-4	6	grass	0	-1
block	9	-4	7	grass	0	-1
block	9	-4	8	grass	0	-1
block	9	-4	9	cobblestone	0	-1
block	9	-4	12	red_mushroom	0	-1
block	9	-4	17	cobblestone	0	-1
block	9	-4	18	grass	0	-1
block	9	-4	19	grass	0	-1
block	9	-4	20	grass	0	-1
block	9	-4	21	grass	0	-1
block	9	-4	22	grass	0	-1
block	10	-4	3	grass	0	-1
block	10	-4	4	grass	0	-1
block	10	-4	5	grass	0	-1
block	10	-4	6	grass	0	-1
block	10	-4	7	grass	0	-1
block	10	-4	8	grass	0	-1
block	10	-4	9	cobblestone	0	-1
block	10	-4	17	cobblestone	0	-1
block	10	-4	18	grass	0	-1
block	10	-4	19	grass	0	-1
block	10	-4	20	grass	0	-1
block	10	-4	21	grass	0	-1
block	10	-4	22	grass	0	-1
block	11	-4	3	grass	0	-1
block	11	-4	4	grass	0	-1
block	11	-4	5	grass	0	-1
block	11	-4	6	grass	0	-1
block	11	-4	7	grass	0	-1
block	11	-4	8	grass	0	-1
block	11	-4	9	cobblestone	0	-1
block	11	-4	13	planks	1	-1
block	11	-4	17	cobblestone	0	-1
block	11	-4	18	grass	0	-1
block	11	-4	19	grass	0	-1
block	11	-4	20	grass	0	-1
block	11	-4	21	grass	0	-1
block	11	-4	22	grass	0	-1
block	12	-4	3	grass	0	-1
block	12	-4	4	grass	0	-1
block	12	-4	5	grass	0	-1
block	12	-4	6	grass	0	-1
block	12	-4	7	grass	0	-1
block	12	-4	8	grass	0	-1
block	12	-4	9	cobblestone	0	-1
block	12	-4	11	brown_mushroom	0	-1
spawner	12	-4	13	once_choice_meat_spawner	0	-1
block	12	-4	17	cobblestone	0	-1
block	12	-4	18	grass	0	-1
block	12	-4	19	grass	0	-1
block	12	-4	20	grass	0	-1
block	12	-4	21	grass	0	-1
block	12	-4	22	grass	0	-1
block	13	-4	3	grass	0	-1
block	13	-4	4	grass	0	-1
block	13	-4	5	grass	0	-1
block	13	-4	6	grass	0	-1
block	13	-4	7	grass	0	-1
block	13	-4	8	grass	0	-1
block	13	-4	9	cobblestone	0	-1
block	13	-4	17	cobblestone	0	-1
block	13	-4	18	grass	0	-1
block	13	-4	19	grass	0	-1
block	13	-4	20	grass	0	-1
block	13	-4	21	grass	0	-1
block	13	-4	22	grass	0	-1
block	14	-4	3	grass	0	-1
block	14	-4	4	grass	0	-1
block	14	-4	5	grass	0	-1
block	14	-4	6	grass	0	-1
block	14	-4	7	grass	0	-1
block	14	-4	8	grass	0	-1
block	14	-4	9	cobblestone	0	-1
block	14	-4	17	cobblestone	0	-1
block	14	-4	18	grass	0	-1
block	14	-4	19	grass	0	-1
block	14	-4	20	grass	0	-1
block	14	-4	21	grass	0	-1
block	14	-4	22	grass	0	-1
block	15	-4	3	grass	0	-1
block	15	-4	4	grass	0	-1
block	15	-4	5	grass	0	-1
block	15	-4	6	grass	0	-1
block	15	-4	7	grass	0	-1
block	15	-4	8	grass	0	-1
block	15	-4	9	cobblestone	0	-1
block	15	-4	16	red_mushroom	0	-1
block	15	-4	17	cobblestone	0	-1
block	15	-4	18	grass	0	-1
block	15	-4	19	grass	0	-1
block	15	-4	20	grass	0	-1
block	15	-4	21	grass	0	-1
block	15	-4	22	grass	0	-1
block	16	-4	3	grass	0	-1
block	16	-4	4	grass	0	-1
block	16	-4	5	grass	0	-1
block	16	-4	6	grass	0	-1
block	16	-4	7	grass	0	-1
block	16	-4	8	grass	0	-1
block	16	-4	9	cobblestone	0	-1
block	16	-4	12	brown_mushroom	0	-1
block	16	-4	17	cobblestone	0	-1
block	16	-4	18	grass	0	-1
block	16	-4	19	grass	0	-1
block	16	-4	20	grass	0	-1
block	16	-4	21	grass	0	-1
block	16	-4	22	grass	0	-1
block	17	-4	3	grass	0	-1
block	17	-4	4	grass	0	-1
block	17	-4	5	grass	0	-1
block	17	-4	6	grass	0	-1
block	17	-4	7	grass	0	-1
block	17	-4	8	grass	0	-1
block	17	-4	9	cobblestone	0	-1
block	17	-4	10	cobblestone	0	-1
block	17	-4	11	cobblestone	0	-1
block	17	-4	12	cobblestone	0	-1
block	17	-4	13	cobblestone	0	-1
block	17	-4	14	cobblestone	0	-1
block	17	-4	15	cobblestone	0	-1
block	17	-4	16	cobblestone	0	-1
block	17	-4	17	cobblestone	0	-1
block	17	-4	18	grass	0	-1
block	17	-4	19	grass	0	-1
block	17	-4	20	grass	0	-1
block	17	-4	21	grass	0	-1
block	17	-4	22	grass	0	-1
block	18	-4	3	grass	0	-1
block	18	-4	4	grass	0	-1
block	18	-4	5	grass	0	-1
block	18	-4	6	grass	0	-1
block	18	-4	7	grass	0	-1
block	18	-4	8	grass	0	-1
block	18	-4	9	grass	0	-1
block	18	-4	10	grass	0	-1
block	18	-4	11	grass	0	-1
block	18	-4	12	grass	0	-1
block	18	-4	13	grass	0	-1
block	18	-4	14	grass	0	-1
block	18	-4	15	grass	0	-1
block	18	-4	16	grass	0	-1
block	18	-4	17	grass	0	-1
block	18	-4	18	grass	0	-1
block	18	-4	19	grass	0	-1
block	18	-4	20	grass	0	-1
block	18	-4	21	grass	0	-1
block	18	-4	22	grass	0	-1
block	19	-4	3	grass	0	-1
block	19	-4	4	grass	0	-1
block	19	-4	5	grass	0	-1
block	19	-4	6	grass	0	-1
block	19	-4	7	grass	0	-1
block	19	-4	8	grass	0	-1
block	19	-4	9	grass	0	-1
block	19	-4	10	grass	0	-1
block	19	-4	11	grass	0	-1
block	19	-4	12	grass	0	-1
block	19	-4	13	grass	0	-1
block	19	-4	14	grass	0	-1
block	19	-4	15	grass	0	-1
block	19	-4	16	grass	0	-1
block	19	-4	17	grass	0	-1
block	19	-4	18	grass	0	-1
block	19	-4	19	grass	0	-1
block	19	-4	20	grass	0	-1
block	19	-4	21	grass	0	-1
block	19	-4	22	grass	0	-1
block	20	-4	3	grass	0	-1
block	20	-4	4	grass	0	-1
block	20	-4	5	grass	0	-1
block	20	-4	6	grass	0	-1
block	20	-4	7	grass	0	-1
block	20	-4	8	grass	0	-1
block	20	-4	9	grass	0	-1
block	20	-4	10	grass	0	-1
block	20	-4	11	grass	0	-1
block	20	-4	12	grass	0	-1
block	20	-4	13	grass	0	-1
block	20	-4	14	grass	0	-1
block	20	-4	15	grass	0	-1
block	20	-4	16	grass	0	-1
block	20	-4	17	grass	0	-1
block	20	-4	18	grass	0	-1
block	20	-4	19	grass	0	-1
block	20	-4	20	grass	0	-1
block	20	-4	21	grass	0	-1
block	20	-4	22	grass	0	-1
block	21	-4	3	grass	0	-1
block	21	-4	4	grass	0	-1
block	21	-4	5	grass	0	-1
block	21	-4	6	grass	0	-1
block	21	-4	7	grass	0	-1
block	21	-4	8	grass	0	-1
block	21	-4	9	grass	0	-1
block	21	-4	10	grass	0	-1
block	21	-4	11	grass	0	-1
block	21	-4	12	grass	0	-1
block	21	-4	13	grass	0	-1
block	21	-4	14	grass	0	-1
block	21	-4	15	grass	0	-1
block	21	-4	16	grass	0	-1
block	21	-4	17	grass	0	-1
block	21	-4	18	grass	0	-1
block	21	-4	19	grass	0	-1
block	21	-4	20	grass	0	-1
block	21	-4	21	grass	0	-1
block	21	-4	22	grass	0	-1
block	22	-4	3	grass	0	-1
block	22	-4	4	grass	0	-1
block	22	-4	5	grass	0	-1
block	22	-4	6	grass	0	-1
block	22	-4	7	grass	0	-1
block	22	-4	8	grass	0	-1
block	22	-4	9	grass	0	-1
block	22	-4	10	grass	0	-1
block	22	-4	11	grass	0	-1
block	22	-4	12	grass	0	-1
block	22	-4	13	grass	0	-1
block	22	-4	14	grass	0	-1
block	22	-4	15	grass	0	-1
block	22	-4	16	grass	0	-1
block	22	-4	17	grass	0	-1
block	22	-4	18	grass	0	-1
block	22	-4	19	grass	0	-1
block	22	-4	20	grass	0	-1
block	22	-4	21	grass	0	-1
block	22	-4	22	grass	0	-1
block	3	-3	3	grass	0	-1
block	3	-3	4	grass	0	-1
block	3	-3	5	grass	0	-1
block	3	-3	6	grass	0	-1
block	3	-3	7	grass	0	-1
block	3	-3	8	grass	0	-1
block	3	-3	9	grass	0	-1
block	3	-3	10	grass	0	-1
block	3	-3	11	grass	0	-1
block	3	-3	12	grass	0	-1
block	3	-3	13	grass	0	-1
block	3	-3	14	grass	0	-1
block	3	-3	15	grass	0	-1
block	3	-3	16	grass	0	-1
block	3	-3	17	grass	0	-1
block	3	-3	18	grass	0	-1
block	3	-3	19	grass	0	-1
block	3	-3	20	grass	0	-1
block	3	-3	21	grass	0	-1
block	3	-3	22	grass	0	-1
block	4	-3	3	grass	0	-1
block	4	-3	4	grass	0	-1
block	4	-3	5	grass	0	-1
block	4	-3	6	grass	0	-1
block	4	-3	7	grass	0	-1
block	4	-3	8	grass	0	-1
block	4	-3	9	grass	0	-1
block	4	-3	10	grass	0	-1
block	4	-3	11	grass	0	-1
block	4	-3	12	grass	0	-1
block	4	-3	13	grass	0	-1
block	4	-3	14	grass	0	-1
block	4	-3	15	grass	0	-1
block	4	-3	16	grass	0	-1
block	4	-3	17	grass	0	-1
block	4	-3	18	grass	0	-1
block	4	-3	19	grass	0	-1
block	4	-3	20	grass	0	-1
block	4	-3	21	grass	0	-1
block	4	-3	22	grass	0	-1
block	5	-3	3	grass	0	-1
block	5	-3	4	grass	0	-1
block	5	-3	5	grass	0	-1
block	5	-3	6	grass	0	-1
block	5	-3	7	grass	0	-1
block	5	-3	8	grass	0	-1
block	5	-3	9	grass	0	-1
block	5	-3	10	grass	0	-1
block	5	-3	11	grass	0	-1
block	5	-3	12	grass	0	-1
block	5	-3	13	grass	0	-1
block	5	-3	14	grass	0	-1
block	5	-3	15	grass	0	-1
block	5	-3	16	grass	0	-1
block	5	-3	17	grass	0	-1
block	5	-3	18	grass	0	-1
block	5	-3	19	grass	0	-1
block	5	-3	20	grass	0	-1
block	5	-3	21	grass	0	-1
block	5	-3	22	grass	0	-1
block	6	-3	3	grass	0	-1
block	6	-3	4	grass	0	-1
block	6	-3	5	grass	0	-1
block	6	-3	6	grass	0	-1
block	6	-3	7	grass	0	-1
block	6	-3	8	grass	0	-1
block	6	-3	9	grass	0	-1
block	6	-3	10	grass	0	-1
block	6	-3	11	grass	0	-1
block	6	-3	12	grass	0	-1
block	6	-3	13	grass	0	-1
block	6	-3	14	grass	0	-1
block	6	-3	15	grass	0	-1
block	6	-3	16	grass	0	-1
block	6	-3	17	grass	0	-1
block	6	-3	18	grass	0	-1
block	6	-3	19	grass	0	-1
block	6	-3	20	grass	0	-1
block	6	-3	21	grass	0	-1
block	6	-3	22	grass	0	-1
block	7	-3	3	grass	0	-1
block	7	-3	4	grass	0	-1
block	7	-3	5	grass	0	-1
block	7	-3	6	grass	0	-1
block	7	-3	7	grass	0	-1
block	7	-3	8	grass	0	-1
block	7	-3	9	grass	0	-1
block	7	-3	10	grass	0	-1
block	7	-3	11	grass	0	-1
block	7	-3	12	grass	0	-1
block	7	-3	13	grass	0	-1
block	7	-3	14	grass	0	-1
block	7	-3	15	grass	0	-1
block	7	-3	16	grass	0	-1
block	7	-3	17	grass	0	-1
block	7	-3	18	grass	0	-1
block	7	-3	19	grass	0	-1
block	7	-3	20	grass	0	-1
block	7	-3	21	grass	0	-1
block	7	-3	22	grass	0	-1
block	8	-3	3	grass	0	-1
block	8	-3	4	grass	0	-1
block	8	-3	5	grass	0	-1
block	8	-3	6	grass	0	-1
block	8	-3	7	grass	0	-1
block	8	-3	8	grass	0	-1
block	8	-3	9	cobblestone	0	-1
block	8	-3	10	cobblestone	0	-1
block	8	-3	11	cobblestone	0	-1
block	8	-3	12	cobblestone	0	-1
block	8	-3	13	cobblestone	0	-1
block	8	-3	14	cobblestone	0	-1
block	8	-3	15	cobblestone	0	-1
block	8	-3	16	cobblestone	0	-1
block	8	-3	17	cobblestone	0	-1
block	8	-3	18	grass	0	-1
block	8	-3	19	grass	0	-1
block	8	-3	20	grass	0	-1
block	8	-3	21	grass	0	-1
block	8	-3	22	grass	0	-1
block	9	-3	3	grass	0	-1
block	9	-3	4	grass	0	-1
block	9	-3	5	grass	0	-1
block	9	-3	6	grass	0	-1
block	9	-3	7	grass	0	-1
block	9	-3	8	grass	0	-1
block	9	-3	9	cobblestone	0	-1
block	9	-3	17	cobblestone	0	-1
block	9	-3	18	grass	0	-1
block	9	-3	19	grass	0	-1
block	9	-3	20	grass	0	-1
block	9	-3	21	grass	0	-1
block	9	-3	22	grass	0	-1
block	10	-3	3	grass	0	-1
block	10	-3	4	grass	0	-1
block	10	-3	5	grass	0	-1
block	10	-3	6	grass	0	-1
block	10	-3	7	grass	0	-1
block	10	-3	8	grass	0	-1
block	10	-3	9	cobblestone	0	-1
block	10	-3	17	cobblestone	0	-1
block	10	-3	18	grass	0	-1
block	10	-3	19	grass	0	-1
block	10	-3	20	grass	0	-1
block	10	-3	21	grass	0	-1
block	10	-3	22	grass	0	-1
block	11	-3	3	grass	0	-1
block	11	-3	4	grass	0	-1
block	11	-3	5	grass	0	-1
block	11	-3	6	grass	0	-1
block	11	-3	7	grass	0	-1
block	11	-3	8	grass	0	-1
block	11	-3	9	cobblestone	0	-1
block	11	-3	17	cobblestone	0	-1
block	11	-3	18	grass	0	-1
block	11	-3	19	grass	0	-1
block	11	-3	20	grass	0	-1
block	11	-3	21	grass	0	-1
block	11	-3	22	grass	0	-1
block	12	-3	3	grass	0	-1
block	12	-3	4	grass	0	-1
block	12	-3	5	grass	0	-1
block	12	-3	6	grass	0	-1
block	12	-3	7	grass	0	-1
block	12	-3	8	grass	0	-1
block	12	-3	9	cobblestone	0	-1
block	12	-3	13	planks	1	-1
block	12	-3	17	cobblestone	0	-1
block	12	-3	18	grass	0	-1
block	12	-3	19	grass	0	-1
block	12	-3	20	grass	0	-1
block	12	-3	21	grass	0	-1
block	12	-3	22	grass	0	-1
block	13	-3	3	grass	0	-1
block	13	-3	4	grass	0	-1
block	13	-3	5	grass	0	-1
block	13	-3	6	grass	0	-1
block	13	-3	7	grass	0	-1
block	13	-3	8	grass	0	-1
block	13	-3	9	cobblestone	0	-1
block	13	-3	17	cobblestone	0	-1
block	13	-3	18	grass	0	-1
block	13	-3	19	grass	0	-1
block	13	-3	20	grass	0	-1
block	13	-3	21	grass	0	-1
block	13	-3	22	grass	0	-1
block	14	-3	3	grass	0	-1
block	14	-3	4	grass	0	-1
block	14	-3	5	grass	0	-1
block	14	-3	6	grass	0	-1
block	14	-3	7	grass	0	-1
block	14	-3	8	grass	0	-1
block	14	-3	9	cobblestone	0	-1
block	14	-3	17	cobblestone	0	-1
block	14	-3	18	grass	0	-1
block	14	-3	19	grass	0	-1
block	14	-3	20	grass	0	-1
block	14	-3	21	grass	0	-1
block	14	-3	22	grass	0	-1
block	15	-3	3	grass	0	-1
block	15	-3	4	grass	0	-1
block	15	-3	5	grass	0	-1
block	15	-3	6	grass	0	-1
block	15	-3	7	grass	0	-1
block	15	-3	8	grass	0	-1
block	15	-3	9	cobblestone	0	-1
block	15	-3	17	cobblestone	0	-1
block	15	-3	18	grass	0	-1
block	15	-3	19	grass	0	-1
block	15	-3	20	grass	0	-1
block	15	-3	21	grass	0	-1
block	15	-3	22	grass	0	-1
block	16	-3	3	grass	0	-1
block	16	-3	4	grass	0	-1
block	16	-3	5	grass	0	-1
block	16	-3	6	grass	0	-1
block	16	-3	7	grass	0	-1
block	16	-3	8	grass	0	-1
block	16	-3	9	cobblestone	0	-1
block	16	-3	17	cobblestone	0	-1
block	16	-3	18	grass	0	-1
block	16	-3	19	grass	0	-1
block	16	-3	20	grass	0	-1
block	16	-3	21	grass	0	-1
block	16	-3	22	grass	0	-1
block	17	-3	3	grass	0	-1
block	17	-3	4	grass	0	-1
block	17	-3	5	grass	0	-1
block	17	-3	6	grass	0	-1
block	17	-3	7	grass	0	-1
block	17	-3	8	grass	0	-1
block	17	-3	9	cobblestone	0	-1
block	17	-3	10	cobblestone	0	-1
block	17	-3	11	cobblestone	0	-1
block	17	-3	12	cobblestone	0	-1
block	17	-3	13	cobblestone	0	-1
block	17	-3	14	cobblestone	0	-1
block	17	-3	15	cobblestone	0	-1
block	17	-3	16	cobblestone	0	-1
block	17	-3	17	cobblestone	0	-1
block	17	-3	18	grass	0	-1
block	17	-3	19	grass	0	-1
block	17	-3	20	grass	0	-1
block	17	-3	21	grass	0	-1
block	17	-3	22	grass	0	-1
block	18	-3	3	grass	0	-1
block	18	-3	4	grass	0	-1
block	18	-3	5	grass	0	-1
block	18	-3	6	grass	0	-1
block	18	-3	7	grass	0	-1
block	18	-3	8	grass	0	-1
block	18	-3	9	grass	0	-1
block	18	-3	10	grass	0	-1
block	18	-3	11	grass	0	-1
block	18	-3	12	grass	0	-1
block	18	-3	13	grass	0	-1
block	18	-3	14	grass	0	-1
block	18	-3	15	grass	0	-1
block	18	-3	16	grass	0	-1
block	18	-3	17	grass	0	-1
block	18	-3	18	grass	0	-1
block	18	-3	19	grass	0	-1
block	18	-3	20	grass	0	-1
block	18	-3	21	grass	0	-1
block	18	-3	22	grass	0	-1
block	19	-3	3	grass	0	-1
block	19	-3	4	grass	0	-1
block	19	-3	5	grass	0	-1
block	19	-3	6	grass	0	-1
block	19	-3	7	grass	0	-1
block	19	-3	8	grass	0	-1
block	19	-3	9	grass	0	-1
block	19	-3	10	grass	0	-1
block	19	-3	11	grass	0	-1
block	19	-3	12	grass	0	-1
block	19	-3	13	grass	0	-1
block	19	-3	14	grass	0	-1
block	19	-3	15	grass	0	-1
block	19	-3	16	grass	0	-1
block	19	-3	17	grass	0	-1
block	19	-3	18	grass	0	-1
block	19	-3	19	grass	0	-1
block	19	-3	20	grass	0	-1
block	19	-3	21	grass	0	-1
block	19	-3	22	grass	0	-1
block	20	-3	3	grass	0	-1
block	20	-3	4	grass	0	-1
block	20	-3	5	grass	0	-1
block	20	-3	6	grass	0	-1
block	20	-3	7	grass	0	-1
block	20	-3	8	grass	0	-1
block	20	-3	9	grass	0	-1
block	20	-3	10	grass	0	-1
block	20	-3	11	grass	0	-1
block	20	-3	12	grass	0	-1
block	20	-3	13	grass	0	-1
block	20	-3	14	grass	0	-1
block	20	-3	15	grass	0	-1
block	20	-3	16	grass	0	-1
block	20	-3	17	grass	0	-1
block	20	-3	18	grass	0	-1
block	20	-3	19	grass	0	-1
block	20	-3	20	grass	0	-1
block	20	-3	21	grass	0	-1
block	20	-3	22	grass	0	-1
block	21	-3	3	grass	0	-1
block	21	-3	4	grass	0	-1
block	21	-3	5	grass	0	-1
block	21	-3	6	grass	0	-1
block	21	-3	7	grass	0	-1
block	21	-3	8	grass	0	-1
block	21	-3	9	grass	0	-1
block	21	-3	10	grass	0	-1
block	21	-3	11	grass	0	-1
block	21	-3	12	grass	0	-1
block	21	-3	13	grass	0	-1
block	21	-3	14	grass	0	-1
block	21	-3	15	grass	0	-1
block	21	-3	16	grass	0	-1
block	21	-3	17	grass	0	-1
block	21	-3	18	grass	0	-1
block	21	-3	19	grass	0	-1
block	21	-3	20	grass	0	-1
block	21	-3	21	grass	0	-1
block	21	-3	22	grass	0	-1
block	22	-3	3	grass	0	-1
block	22	-3	4	grass	0	-1
block	22	-3	5	grass	0	-1
block	22	-3	6	grass	0	-1
block	22	-3	7	grass	0	-1
block	22	-3	8	grass	0	-1
block	22	-3	9	grass	0	-1
block	22	-3	10	grass	0	-1
block	22	-3	11	grass	0	-1
block	22	-3	12	grass	0	-1
block	22	-3	13	grass	0	-1
block	22	-3	14	grass	0	-1
block	22	-3	15	grass	0	-1
block	22	-3	16	grass	0	-1
block	22	-3	17	grass	0	-1
block	22	-3	18	grass	0	-1
block	22	-3	19	grass	0	-1
block	22	-3	20	grass	0	-1
block	22	-3	21	grass	0	-1
block	22	-3	22	grass	0	-1
block	3	-2	3	grass	0	-1
block	3	-2	4	grass	0	-1
block	3	-2	5	grass	0	-1
block	3	-2	6	grass	0	-1
block	3	-2	7	grass	0	-1
block	3	-2	8	grass	0	-1
block	3	-2	9	grass	0	-1
block	3	-2	10	grass	0	-1
block	3	-2	11	grass	0	-1
block	3	-2	12	grass	0	-1
block	3	-2	13	grass	0	-1
block	3	-2	14	grass	0	-1
block	3	-2	15	grass	0	-1
block	3	-2	16	grass	0	-1
block	3	-2	17	grass	0	-1
block	3	-2	18	grass	0	-1
block	3	-2	19	grass	0	-1
block	3	-2	20	grass	0	-1
block	3	-2	21	grass	0	-1
block	3	-2	22	grass	0	-1
block	4	-2	3	grass	0	-1
block	4	-2	4	grass	0	-1
block	4	-2	5	grass	0	-1
block	4	-2	6	grass	0	-1
block	4	-2	7	grass	0	-1
block	4	-2	8	grass	0	-1
block	4	-2	9	grass	0	-1
block	4	-2	10	grass	0	-1
block	4	-2	11	grass	0	-1
block	4	-2	12	grass	0	-1
block	4	-2	13	grass	0	-1
block	4	-2	14	grass	0	-1
block	4	-2	15	grass	0	-1
block	4	-2	16	grass	0	-1
block	4	-2	17	grass	0	-1
block	4	-2	18	grass	0	-1
block	4	-2	19	grass	0	-1
block	4	-2	20	grass	0	-1
block	4	-2	21	grass	0	-1
block	4	-2	22	grass	0	-1
block	5	-2	3	grass	0	-1
block	5	-2	4	grass	0	-1
block	5	-2	5	grass	0	-1
block	5	-2	6	grass	0	-1
block	5	-2	7	grass	0	-1
block	5	-2	8	grass	0	-1
block	5	-2	9	grass	0	-1
block	5	-2	10	grass	0	-1
block	5	-2	11	grass	0	-1
block	5	-2	12	grass	0	-1
block	5	-2	13	grass	0	-1
block	5	-2	14	grass	0	-1
block	5	-2	15	grass	0	-1
block	5	-2	16	grass	0	-1
block	5	-2	17	grass	0	-1
block	5	-2	18	grass	0	-1
block	5	-2	19	grass	0	-1
block	5	-2	20	grass	0	-1
block	5	-2	21	grass	0	-1
block	5	-2	22	grass	0	-1
block	6	-2	3	grass	0	-1
block	6	-2	4	grass	0	-1
block	6	-2	5	grass	0	-1
block	6	-2	6	grass	0	-1
block	6	-2	7	grass	0	-1
block	6	-2	8	grass	0	-1
block	6	-2	9	grass	0	-1
block	6	-2	10	grass	0	-1
block	6	-2	11	grass	0	-1
block	6	-2	12	grass	0	-1
block	6	-2	13	grass	0	-1
block	6	-2	14	grass	0	-1
block	6	-2	15	grass	0	-1
block	6	-2	16	grass	0	-1
block	6	-2	17	grass	0	-1
block	6	-2	18	grass	0	-1
block	6	-2	19	grass	0	-1
block	6	-2	20	grass	0	-1
block	6	-2	21	grass	0	-1
block	6	-2	22	grass	0	-1
block	7	-2	3	grass	0	-1
block	7	-2	4	grass	0	-1
block	7	-2	5	grass	0	-1
block	7	-2	6	grass	0	-1
block	7	-2	7	grass	0	-1
block	7	-2	8	grass	0	-1
block	7	-2	9	grass	0	-1
block	7	-2	10	grass	0	-1
block	7	-2	11	grass	0	-1
block	7	-2	12	grass	0	-1
block	7	-2	13	grass	0	-1
block	7	-2	14	grass	0	-1
block	7	-2	15	grass	0	-1
block	7	-2	16	grass	0	-1
block	7	-2	17	grass	0	-1
block	7	-2	18	grass	0	-1
block	7	-2	19	grass	0	-1
block	7	-2	20	grass	0	-1
block	7	-2	21	grass	0	-1
block	7	-2	22	grass	0	-1
block	8	-2	3	grass	0	-1
block	8	-2	4	grass	0	-1
block	8	-2	5	grass	0	-1
block	8	-2	6	grass	0	-1
block	8	-2	7	grass	0	-1
block	8	-2	8	grass	0	-1
block	8	-2	9	cobblestone	0	-1
block	8	-2	10	cobblestone	0	-1
block	8	-2	11	cobblestone	0	-1
block	8	-2	12	cobblestone	0	-1
block	8	-2	13	cobblestone	0	-1
block	8	-2	14	cobblestone	0	-1
block	8	-2	15	cobblestone	0	-1
block	8	-2	16	cobblestone	0	-1
block	8	-2	17	cobblestone	0	-1
block	8	-2	18	grass	0	-1
block	8	-2	19	grass	0	-1
block	8	-2	20	grass	0	-1
block	8	-2	21	grass	0	-1
block	8	-2	22	grass	0	-1
block	9	-2	3	grass	0	-1
block	9	-2	4	grass	0	-1
block	9	-2	5	grass	0	-1
block	9	-2	6	grass	0	-1
block	9	-2	7	grass	0	-1
block	9	-2	8	grass	0	-1
block	9	-2	9	cobblestone	0	-1
block	9	-2	17	cobblestone	0	-1
block	9	-2	18	grass	0	-1
block	9	-2	19	grass	0	-1
block	9	-2	20	grass	0	-1
block	9	-2	21	grass	0	-1
block	9	-2	22	grass	0	-1
block	10	-2	3	grass	0	-1
block	10	-2	4	grass	0	-1
block	10	-2	5	grass	0	-1
block	10	-2	6	grass	0	-1
block	10	-2	7	grass	0	-1
block	10	-2	8	grass	0	-1
block	10	-2	9	cobblestone	0	-1
block	10	-2	17	cobblestone	0	-1
block	10	-2	18	grass	0	-1
block	10	-2	19	grass	0	-1
block	10	-2	20	grass	0	-1
block	10	-2	21	grass	0	-1
block	10	-2	22	grass	0	-1
block	11	-2	3	grass	0	-1
block	11	-2	4	grass	0	-1
block	11	-2	5	grass	0	-1
block	11	-2	6	grass	0	-1
block	11	-2	7	grass	0	-1
block	11	-2	8	grass	0	-1
block	11	-2	9	cobblestone	0	-1
block	11	-2	17	cobblestone	0	-1
block	11	-2	18	grass	0	-1
block	11	-2	19	grass	0	-1
block	11	-2	20	grass	0	-1
block	11	-2	21	grass	0	-1
block	11	-2	22	grass	0	-1
block	12	-2	3	grass	0	-1
block	12	-2	4	grass	0	-1
block	12	-2	5	grass	0	-1
block	12	-2	6	grass	0	-1
block	12	-2	7	grass	0	-1
block	12	-2	8	grass	0	-1
block	12	-2	9	cobblestone	0	-1
block	12	-2	17	cobblestone	0	-1
block	12	-2	18	grass	0	-1
block	12	-2	19	grass	0	-1
block	12	-2	20	grass	0	-1
block	12	-2	21	grass	0	-1
block	12	-2	22	grass	0	-1
block	13	-2	3	grass	0	-1
block	13	-2	4	grass	0	-1
block	13	-2	5	grass	0	-1
block	13	-2	6	grass	0	-1
block	13	-2	7	grass	0	-1
block	13	-2	8	grass	0	-1
block	13	-2	9	cobblestone	0	-1
block	13	-2	13	planks	1	-1
block	13	-2	17	cobblestone	0	-1
block	13	-2	18	grass	0	-1
block	13	-2	19	grass	0	-1
block	13	-2	20	grass	0	-1
block	13	-2	21	grass	0	-1
block	13	-2	22	grass	0	-1
block	14	-2	3	grass	0	-1
block	14	-2	4	grass	0	-1
block	14	-2	5	grass	0	-1
block	14	-2	6	grass	0	-1
block	14	-2	7	grass	0	-1
block	14	-2	8	grass	0	-1
block	14	-2	9	cobblestone	0	-1
block	14	-2	17	cobblestone	0	-1
block	14	-2	18	grass	0	-1
block	14	-2	19	grass	0	-1
block	14	-2	20	grass	0	-1
block	14	-2	21	grass	0	-1
block	14	-2	22	grass	0	-1
block	15	-2	3	grass	0	-1
block	15	-2	4	grass	0	-1
block	15	-2	5	grass	0	-1
block	15	-2	6	grass	0	-1
block	15	-2	7	grass	0	-1
block	15	-2	8	grass	0	-1
block	15	-2	9	cobblestone	0	-1
block	15	-2	17	cobblestone	0	-1
block	15	-2	18	grass	0	-1
block	15	-2	19	grass	0	-1
block	15	-2	20	grass	0	-1
block	15	-2	21	grass	0	-1
block	15	-2	22	grass	0	-1
block	16	-2	3	grass	0	-1
block	16	-2	4	grass	0	-1
block	16	-2	5	grass	0	-1
block	16	-2	6	grass	0	-1
block	16	-2	7	grass	0	-1
block	16	-2	8	grass	0	-1
block	16	-2	9	cobblestone	0	-1
block	16	-2	17	cobblestone	0	-1
block	16	-2	18	grass	0	-1
block	16	-2	19	grass	0	-1
block	16	-2	20	grass	0	-1
block	16	-2	21	grass	0	-1
block	16	-2	22	grass	0	-1
block	17	-2	3	grass	0	-1
block	17	-2	4	grass	0	-1
block	17	-2	5	grass	0	-1
block	17	-2	6	grass	0	-1
block	17	-2	7	grass	0	-1
block	17	-2	8	grass	0	-1
block	17	-2	9	cobblestone	0	-1
block	17	-2	10	cobblestone	0	-1
block	17	-2	11	cobblestone	0	-1
block	17	-2	12	cobblestone	0	-1
block	17	-2	13	cobblestone	0	-1
block	17	-2	14	cobblestone	0	-1
block	17	-2	15	cobblestone	0	-1
block	17	-2	16	cobblestone	0	-1
block	17	-2	17	cobblestone	0	-1
block	17	-2	18	grass	0	-1
block	17	-2	19	grass	0	-1
block	17	-2	20	grass	0	-1
block	17	-2	21	grass	0	-1
block	17	-2	22	grass	0	-1
block	18	-2	3	grass	0	-1
block	18	-2	4	grass	0	-1
block	18	-2	5	grass	0	-1
block	18	-2	6	grass	0	-1
block	18	-2	7	grass	0	-1
block	18	-2	8	grass	0	-1
block	18	-2	9	grass	0	-1
block	18	-2	10	grass	0	-1
block	18	-2	11	grass	0	-1
block	18	-2	12	grass	0	-1
block	18	-2	13	grass	0	-1
block	18	-2	14	grass	0	-1
block	18	-2	15	grass	0	-1
block	18	-2	16	grass	0	-1
block	18	-2	17	grass	0	-1
block	18	-2	18	grass	0	-1
block	18	-2	19	grass	0	-1
block	18	-2	20	grass	0	-1
block	18	-2	21	grass	0	-1
block	18	-2	22	grass	0	-1
block	19	-2	3	grass	0	-1
block	19	-2	4	grass	0	-1
block	19	-2	5	grass	0	-1
block	19	-2	6	grass	0	-1
block	19	-2	7	grass	0	-1
block	19	-2	8	grass	0	-1
block	19	-2	9	grass	0	-1
block	19	-2	10	grass	0	-1
block	19	-2	11	grass	0	-1
block	19	-2	12	grass	0	-1
block	19	-2	13	grass	0	-1
block	19	-2	14	grass	0	-1
block	19	-2	15	grass	0	-1
block	19	-2	16	grass	0	-1
block	19	-2	17	grass	0	-1
block	19	-2	18	grass	0	-1
block	19	-2	19	grass	0	-1
block	19	-2	20	grass	0	-1
block	19	-2	21	grass	0	-1
block	19	-2	22	grass	0	-1
block	20	-2	3	grass	0	-1
block	20	-2	4	grass	0	-1
block	20	-2	5	grass	0	-1
block	20	-2	6	grass	0	-1
block	20	-2	7	grass	0	-1
block	20	-2	8	grass	0	-1
block	20	-2	9	grass	0	-1
block	20	-2	10	grass	0	-1
block	20	-2	11	grass	0	-1
block	20	-2	12	grass	0	-1
block	20	-2	13	grass	0	-1
block	20	-2	14	grass	0	-1
block	20	-2	15	grass	0	-1
block	20	-2	16	grass	0	-1
block	20	-2	17	grass	0	-1
block	20	-2	18	grass	0	-1
block	20	-2	19	grass	0	-1
block	20	-2	20	grass	0	-1
block	20	-2	21	grass	0	-1
block	20	-2	22	grass	0	-1
block	21	-2	3	grass	0	-1
block	21	-2	4	grass	0	-1
block	21	-2	5	grass	0	-1
block	21	-2	6	grass	0	-1
block	21	-2	7	grass	0	-1
block	21	-2	8	grass	0	-1
block	21	-2	9	grass	0	-1
block	21	-2	10	grass	0	-1
block	21	-2	11	grass	0	-1
block	21	-2	12	grass	0	-1
block	21	-2	13	grass	0	-1
block	21	-2	14	grass	0	-1
block	21	-2	15	grass	0	-1
block	21	-2	16	grass	0	-1
block	21	-2	17	grass	0	-1
block	21	-2	18	grass	0	-1
block	21	-2	19	grass	0	-1
block	21	-2	20	grass	0	-1
block	21	-2	21	grass	0	-1
block	21	-2	22	grass	0	-1
block	22	-2	3	grass	0	-1
block	22	-2	4	grass	0	-1
block	22	-2	5	grass	0	-1
block	22	-2	6	grass	0	-1
block	22	-2	7	grass	0	-1
block	22	-2	8	grass	0	-1
block	22	-2	9	grass	0	-1
block	22	-2	10	grass	0	-1
block	22	-2	11	grass	0	-1
block	22	-2	12	grass	0	-1
block	22	-2	13	grass	0	-1
block	22	-2	14	grass	0	-1
block	22	-2	15	grass	0	-1
block	22	-2	16	grass	0	-1
block	22	-2	17	grass	0	-1
block	22	-2	18	grass	0	-1
block	22	-2	19	grass	0	-1
block	22	-2	20	grass	0	-1
block	22	-2	21	grass	0	-1
block	22	-2	22	grass	0	-1
block	3	-1	3	grass	0	-1
block	3	-1	4	grass	0	-1
block	3	-1	5	grass	0	-1
block	3	-1	6	grass	0	-1
block	3	-1	7	grass	0	-1
block	3	-1	8	grass	0	-1
block	3	-1	9	grass	0	-1
block	3	-1	10	grass	0	-1
block	3	-1	11	grass	0	-1
block	3	-1	12	grass	0	-1
block	3	-1	13	grass	0	-1
block	3	-1	14	grass	0	-1
block	3	-1	15	grass	0	-1
block	3	-1	16	grass	0	-1
block	3	-1	17	grass	0	-1
block	3	-1	18	grass	0	-1
block	3	-1	19	grass	0	-1
block	3	-1	20	grass	0	-1
block	3	-1	21	grass	0	-1
block	3	-1	22	grass	0	-1
block	4	-1	3	grass	0	-1
block	4	-1	4	grass	0	-1
block	4	-1	5	grass	0	-1
block	4	-1	6	grass	0	-1
block	4	-1	7	grass	0	-1
block	4	-1	8	grass	0	-1
block	4	-1	9	grass	0	-1
block	4	-1	10	grass	0	-1
block	4	-1	11	grass	0	-1
block	4	-1	12	grass	0	-1
block	4	-1	13	grass	0	-1
block	4	-1	14	grass	0	-1
block	4	-1	15	grass	0	-1
block	4	-1	16	grass	0	-1
block	4	-1	17	grass	0	-1
block	4	-1	18	grass	0	-1
block	4	-1	19	grass	0	-1
block	4	-1	20	grass	0	-1
block	4	-1	21	grass	0	-1
block	4	-1	22	grass	0	-1
block	5	-1	3	grass	0	-1
block	5	-1	4	grass	0	-1
block	5	-1	5	grass	0	-1
block	5	-1	6	grass	0	-1
block	5	-1	7	grass	0	-1
block	5	-1	8	grass	0	-1
block	5	-1	9	grass	0	-1
block	5	-1	10	grass	0	-1
block	5	-1	11	grass	0	-1
block	5	-1	12	grass	0	-1
block	5	-1	13	grass	0	-1
block	5	-1	14	grass	0	-1
block	5	-1	15	grass	0	-1
block	5	-1	16	grass	0	-1
block	5	-1	17	grass	0	-1
block	5	-1	18	grass	0	-1
block	5	-1	19	grass	0	-1
block	5	-1	20	grass	0	-1
block	5	-1	21	grass	0	-1
block	5	-1	22	grass	0	-1
block	6	-1	3	grass	0	-1
block	6	-1	4	grass	0	-1
block	6	-1	5	grass	0	-1
block	6	-1	6	grass	0	-1
block	6	-1	7	grass	0	-1
block	6	-1	8	grass	0	-1
block	6	-1	9	grass	0	-1
block	6	-1	10	grass	0	-1
block	6	-1	11	grass	0	-1
block	6	-1	12	grass	0	-1
block	6	-1	13	grass	0	-1
block	6	-1	14	grass	0	-1
block	6	-1	15	grass	0	-1
block	6	-1	16	grass	0	-1
block	6	-1	17	grass	0	-1
block	6	-1	18	grass	0	-1
block	6	-1	19	grass	0	-1
block	6	-1	20	grass	0	-1
block	6	-1	21	grass	0	-1
block	6	-1	22	grass	0	-1
block	7	-1	3	grass	0	-1
block	7	-1	4	grass	0	-1
block	7	-1	5	grass	0	-1
block	7	-1	6	grass	0	-1
block	7	-1	7	grass	0	-1
block	7	-1	8	grass	0	-1
block	7	-1	9	grass	0	-1
block	7	-1	10	grass	0	-1
block	7	-1	11	grass	0	-1
block	7	-1	12	grass	0	-1
block	7	-1	13	grass	0	-1
block	7	-1	14	grass	0	-1
block	7	-1	15	grass	0	-1
block	7	-1	16	grass	0	-1
block	7	-1	17	grass	0	-1
block	7	-1	18	grass	0	-1
block	7	-1	19	grass	0	-1
block	7	-1	20	grass	0	-1
block	7	-1	21	grass	0	-1
block	7	-1	22	grass	0	-1
block	8	-1	3	grass	0	-1
block	8	-1	4	grass	0	-1
block	8	-1	5	grass	0	-1
block	8	-1	6	grass	0	-1
block	8	-1	7	grass	0	-1
block	8	-1	8	grass	0	-1
block	8	-1	9	cobblestone	0	-1
block	8	-1	10	cobblestone	0	-1
block	8	-1	11	cobblestone	0	-1
block	8	-1	12	cobblestone	0	-1
block	8	-1	13	cobblestone	0	-1
block	8	-1	14	cobblestone	0	-1
block	8	-1	15	cobblestone	0	-1
block	8	-1	16	cobblestone	0	-1
block	8	-1	17	cobblestone	0	-1
block	8	-1	18	grass	0	-1
block	8	-1	19	grass	0	-1
block	8	-1	20	grass	0	-1
block	8	-1	21	grass	0	-1
block	8	-1	22	grass	0	-1
block	9	-1	3	grass	0	-1
block	9	-1	4	grass	0	-1
block	9	-1	5	grass	0	-1
block	9	-1	6	grass	0	-1
block	9	-1	7	grass	0	-1
block	9	-1	8	grass	0	-1
block	9	-1	9	cobblestone	0	-1
block	9	-1	10	cobblestone	0	-1
block	9	-1	11	cobblestone	0	-1
block	9	-1	12	cobblestone	0	-1
block	9	-1	13	cobblestone	0	-1
block	9	-1	14	cobblestone	0	-1
block	9	-1	15	cobblestone	0	-1
block	9	-1	16	cobblestone	0	-1
block	9	-1	17	cobblestone	0	-1
block	9	-1	18	grass	0	-1
block	9	-1	19	grass	0	-1
block	9	-1	20	grass	0	-1
block	9	-1	21	grass	0	-1
block	9	-1	22	grass	0	-1
block	10	-1	3	grass	0	-1
block	10	-1	4	grass	0	-1
block	10	-1	5	grass	0	-1
block	10	-1	6	grass	0	-1
block	10	-1	7	grass	0	-1
block	10	-1	8	grass	0	-1
block	10	-1	9	cobblestone	0	-1
block	10	-1	10	cobblestone	0	-1
block	10	-1	11	cobblestone	0	-1
block	10	-1	12	cobblestone	0	-1
block	10	-1	13	cobblestone	0	-1
block	10	-1	14	cobblestone	0	-1
block	10	-1	15	cobblestone	0	-1
block	10	-1	16	cobblestone	0	-1
block	10	-1	17	cobblestone	0	-1
block	10	-1	18	grass	0	-1
block	10	-1	19	grass	0	-1
block	10	-1	20	grass	0	-1
block	10	-1	21	grass	0	-1
block	10	-1	22	grass	0	-1
block	11	-1	3	grass	0	-1
block	11	-1	4	grass	0	-1
block	11	-1	5	grass	0	-1
block	11	-1	6	grass	0	-1
block	11	-1	7	grass	0	-1
block	11	-1	8	grass	0	-1
block	11	-1	9	cobblestone	0	-1
block	11	-1	10	cobblestone	0	-1
block	11	-1	11	cobblestone	0	-1
block	11	-1	12	cobblestone	0	-1
block	11	-1	14	cobblestone	0	-1
block	11	-1	15	cobblestone	0	-1
block	11	-1	16	cobblestone	0	-1
block	11	-1	17	cobblestone	0	-1
block	11	-1	18	grass	0	-1
block	11	-1	19	grass	0	-1
block	11	-1	20	grass	0	-1
block	11	-1	21	grass	0	-1
block	11	-1	22	grass	0	-1
block	12	-1	3	grass	0	-1
block	12	-1	4	grass	0	-1
block	12	-1	5	grass	0	-1
block	12	-1	6	grass	0	-1
block	12	-1	7	grass	0	-1
block	12	-1	8	grass	0	-1
block	12	-1	9	cobblestone	0	-1
block	12	-1	10	cobblestone	0	-1
block	12	-1	11	cobblestone	0	-1
block	12	-1	12	cobblestone	0	-1
block	12	-1	14	cobblestone	0	-1
block	12	-1	15	cobblestone	0	-1
block	12	-1	16	cobblestone	0	-1
block	12	-1	17	cobblestone	0	-1
block	12	-1	18	grass	0	-1
block	12	-1	19	grass	0	-1
block	12	-1	20	grass	0	-1
block	12	-1	21	grass	0	-1
block	12	-1	22	grass	0	-1
block	13	-1	3	grass	0	-1
block	13	-1	4	grass	0	-1
block	13	-1	5	grass	0	-1
block	13	-1	6	grass	0	-1
block	13	-1	7	grass	0	-1
block	13	-1	8	grass	0	-1
block	13	-1	9	cobblestone	0	-1
block	13	-1	10	cobblestone	0	-1
block	13	-1	11	cobblestone	0	-1
block	13	-1	12	planks	1	-1
block	13	-1	14	cobblestone	0	-1
block	13	-1	15	cobblestone	0	-1
block	13	-1	16	cobblestone	0	-1
block	13	-1	17	cobblestone	0	-1
block	13	-1	18	grass	0	-1
block	13	-1	19	grass	0	-1
block	13	-1	20	grass	0	-1
block	13	-1	21	grass	0	-1
block	13	-1	22	grass	0	-1
block	14	-1	3	grass	0	-1
block	14	-1	4	grass	0	-1
block	14	-1	5	grass	0	-1
block	14	-1	6	grass	0	-1
block	14	-1	7	grass	0	-1
block	14	-1	8	grass	0	-1
block	14	-1	9	cobblestone	0	-1
block	14	-1	10	cobblestone	0	-1
block	14	-1	11	cobblestone	0	-1
block	14	-1	12	cobblestone	0	-1
block	14	-1	13	cobblestone	0	-1
block	14	-1	14	cobblestone	0	-1
block	14	-1	15	cobblestone	0	-1
block	14	-1	16	cobblestone	0	-1
block	14	-1	17	cobblestone	0	-1
block	14	-1	18	grass	0	-1
block	14	-1	19	grass	0	-1
block	14	-1	20	grass	0	-1
block	14	-1	21	grass	0	-1
block	14	-1	22	grass	0	-1
block	15	-1	3	grass	0	-1
block	15	-1	4	grass	0	-1
block	15	-1	5	grass	0	-1
block	15	-1	6	grass	0	-1
block	15	-1	7	grass	0	-1
block	15	-1	8	grass	0	-1
block	15	-1	9	cobblestone	0	-1
block	15	-1	10	cobblestone	0	-1
block	15	-1	11	cobblestone	0	-1
block	15	-1	12	cobblestone	0	-1
block	15	-1	13	cobblestone	0	-1
block	15	-1	14	cobblestone	0	-1
block	15	-1	15	cobblestone	0	-1
block	15	-1	16	cobblestone	0	-1
block	15	-1	17	cobblestone	0	-1
block	15	-1	18	grass	0	-1
block	15	-1	19	grass	0	-1
block	15	-1	20	grass	0	-1
block	15	-1	21	grass	0	-1
block	15	-1	22	grass	0	-1
block	16	-1	3	grass	0	-1
block	16	-1	4	grass	0	-1
block	16	-1	5	grass	0	-1
block	16	-1	6	grass	0	-1
block	16	-1	7	grass	0	-1
block	16	-1	8	grass	0	-1
block	16	-1	9	cobblestone	0	-1
block	16	-1	10	cobblestone	0	-1
block	16	-1	11	cobblestone	0	-1
block	16	-1	12	cobblestone	0	-1
block	16	-1	13	cobblestone	0	-1
block	16	-1	14	cobblestone	0	-1
block	16	-1	15	cobblestone	0	-1
block	16	-1	16	cobblestone	0	-1
block	16	-1	17	cobblestone	0	-1
block	16	-1	18	grass	0	-1
block	16	-1	19	grass	0	-1
block	16	-1	20	grass	0	-1
block	16	-1	21	grass	0	-1
block	16	-1	22	grass	0	-1
block	17	-1	3	grass	0	-1
block	17	-1	4	grass	0	-1
block	17	-1	5	grass	0	-1
block	17	-1	6	grass	0	-1
block	17	-1	7	grass	0	-1
block	17	-1	8	grass	0	-1
block	17	-1	9	cobblestone	0	-1
block	17	-1	10	cobblestone	0	-1
block	17	-1	11	cobblestone	0	-1
block	17	-1	12	cobblestone	0	-1
block	17	-1	13	cobblestone	0	-1
block	17	-1	14	cobblestone	0	-1
block	17	-1	15	cobblestone	0	-1
block	17	-1	16	cobblestone	0	-1
block	17	-1	17	cobblestone	0	-1
block	17	-1	18	grass	0	-1
block	17	-1	19	grass	0	-1
block	17	-1	20	grass	0	-1
block	17	-1	21	grass	0	-1
block	17	-1	22	grass	0	-1
block	18	-1	3	grass	0	-1
block	18	-1	4	grass	0	-1
block	18	-1	5	grass	0	-1
block	18	-1	6	grass	0	-1
block	18	-1	7	grass	0	-1
block	18	-1	8	grass	0	-1
block	18	-1	9	grass	0	-1
block	18	-1	10	grass	0	-1
block	18	-1	11	grass	0	-1
block	18	-1	12	grass	0	-1
block	18	-1	13	grass	0	-1
block	18	-1	14	grass	0	-1
block	18	-1	15	grass	0	-1
block	18	-1	16	grass	0	-1
block	18	-1	17	grass	0	-1
block	18	-1	18	grass	0	-1
block	18	-1	19	grass	0	-1
block	18	-1	20	grass	0	-1
block	18	-1	21	grass	0	-1
block	18	-1	22	grass	0	-1
block	19	-1	3	grass	0	-1
block	19	-1	4	grass	0	-1
block	19	-1	5	grass	0	-1
block	19	-1	6	grass	0	-1
block	19	-1	7	grass	0	-1
block	19	-1	8	grass	0	-1
block	19	-1	9	grass	0	-1
block	19	-1	10	grass	0	-1
block	19	-1	11	grass	0	-1
block	19	-1	12	grass	0	-1
block	19	-1	13	grass	0	-1
block	19	-1	14	grass	0	-1
block	19	-1	15	grass	0	-1
block	19	-1	16	grass	0	-1
block	19	-1	17	grass	0	-1
block	19	-1	18	grass	0	-1
block	19	-1	19	grass	0	-1
block	19	-1	20	grass	0	-1
block	19	-1	21	grass	0	-1
block	19	-1	22	grass	0	-1
block	20	-1	3	grass	0	-1
block	20	-1	4	grass	0	-1
block	20	-1	5	grass	0	-1
block	20	-1	6	grass	0	-1
block	20	-1	7	grass	0	-1
block	20	-1	8	grass	0	-1
block	20	-1	9	grass	0	-1
block	20	-1	10	grass	0	-1
block	20	-1	11	grass	0	-1
block	20	-1	12	grass	0	-1
block	20	-1	13	grass	0	-1
block	20	-1	14	grass	0	-1
block	20	-1	15	grass	0	-1
block	20	-1	16	grass	0	-1
block	20	-1	17	grass	0	-1
block	20	-1	18	grass	0	-1
block	20	-1	19	grass	0	-1
block	20	-1	20	grass	0	-1
block	20	-1	21	grass	0	-1
block	20	-1	22	grass	0	-1
block	21	-1	3	grass	0	-1
block	21	-1	4	grass	0	-1
block	21	-1	5	grass	0	-1
block	21	-1	6	grass	0	-1
block	21	-1	7	grass	0	-1
block	21	-1	8	grass	0	-1
block	21	-1	9	grass	0	-1
block	21	-1	10	grass	0	-1
block	21	-1	11	grass	0	-1
block	21	-1	12	grass	0	-1
block	21	-1	13	grass	0	-1
block	21	-1	14	grass	0	-1
block	21	-1	15	grass	0	-1
block	21	-1	16	grass	0	-1
block	21	-1	17	grass	0	-1
block	21	-1	18	grass	0	-1
block	21	-1	19	grass	0	-1
block	21	-1	20	grass	0	-1
block	21	-1	21	grass	0	-1
block	21	-1	22	grass	0	-1
block	22	-1	3	grass	0	-1
block	22	-1	4	grass	0	-1
block	22	-1	5	grass	0	-1
block	22	-1	6	grass	0	-1
block	22	-1	7	grass	0	-1
block	22	-1	8	grass	0	-1
block	22	-1	9	grass	0	-1
block	22	-1	10	grass	0	-1
block	22	-1	11	grass	0	-1
block	22	-1	12	grass	0	-1
block	22	-1	13	grass	0	-1
block	22	-1	14	grass	0	-1
block	22	-1	15	grass	0	-1
block	22	-1	16	grass	0	-1
block	22	-1	17	grass	0	-1
block	22	-1	18	grass	0	-1
block	22	-1	19	grass	0	-1
block	22	-1	20	grass	0	-1
block	22	-1	21	grass	0	-1
block	22	-1	22	grass	0	-1
block	3	0	3	grass	0	-1
block	3	0	4	grass	0	-1
block	3	0	5	grass	0	-1
block	3	0	6	grass	0	-1
block	3	0	7	grass	0	-1
block	3	0	8	grass	0	-1
block	3	0	9	grass	0	-1
block	3	0	10	grass	0	-1
block	3	0	11	grass	0	-1
block	3	0	12	grass	0	-1
block	3	0	13	grass	0	-1
block	3	0	14	grass	0	-1
block	3	0	15	grass	0	-1
block	3	0	16	grass	0	-1
block	3	0	17	grass	0	-1
block	3	0	18	grass	0	-1
block	3	0	19	grass	0	-1
block	3	0	20	grass	0	-1
block	3	0	21	grass	0	-1
block	3	0	22	grass	0	-1
block	4	0	3	grass	0	-1
block	4	0	4	grass	0	-1
block	4	0	5	grass	0	-1
block	4	0	6	grass	0	-1
block	4	0	7	grass	0	-1
block	4	0	8	grass	0	-1
block	4	0	9	grass	0	-1
block	4	0	10	grass	0	-1
block	4	0	11	grass	0	-1
block	4	0	12	grass	0	-1
block	4	0	13	grass	0	-1
block	4	0	14	grass	0	-1
block	4	0	15	grass	0	-1
block	4	0	16	grass	0	-1
block	4	0	17	grass	0	-1
block	4	0	18	grass	0	-1
block	4	0	19	grass	0	-1
block	4	0	20	grass	0	-1
block	4	0	21	grass	0	-1
block	4	0	22	grass	0	-1
block	5	0	3	grass	0	-1
block	5	0	4	grass	0	-1
block	5	0	5	grass	0	-1
block	5	0	6	grass	0	-1
block	5	0	7	grass	0	-1
block	5	0	8	grass	0	-1
block	5	0	9	grass	0	-1
block	5	0	10	grass	0	-1
block	5	0	11	grass	0	-1
block	5	0	12	grass	0	-1
block	5	0	13	grass	0	-1
block	5	0	14	grass	0	-1
block	5	0	15	grass	0	-1
block	5	0	16	grass	0	-1
block	5	0	17	grass	0	-1
block	5	0	18	grass	0	-1
block	5	0	19	grass	0	-1
block	5	0	20	grass	0	-1
block	5	0	21	grass	0	-1
block	5	0	22	grass	0	-1
block	6	0	3	grass	0	-1
block	6	0	4	grass	0	-1
block	6	0	5	grass	0	-1
block	6	0	6	grass	0	-1
block	6	0	7	grass	0	-1
block	6	0	8	grass	0	-1
block	6	0	9	grass	0	-1
block	6	0	10	grass	0	-1
block	6	0	11	grass	0	-1
block	6	0	12	grass	0	-1
block	6	0	13	grass	0	-1
block	6	0	14	grass	0	-1
block	6	0	15	grass	0	-1
block	6	0	16	grass	0	-1
block	6	0	17	grass	0	-1
block	6	0	18	grass	0	-1
block	6	0	19	grass	0	-1
block	6	0	20	grass	0	-1
block	6	0	21	grass	0	-1
block	6	0	22	grass	0	-1
block	7	0	3	grass	0	-1
block	7	0	4	grass	0	-1
block	7	0	5	grass	0	-1
block	7	0	6	grass	0	-1
block	7	0	7	grass	0	-1
block	7	0	8	grass	0	-1
block	7	0	9	grass	0	-1
block	7	0	10	grass	0	-1
block	7	0	11	grass	0	-1
block	7	0	12	grass	0	-1
block	7	0	13	grass	0	-1
block	7	0	14	grass	0	-1
block	7	0	15	grass	0	-1
block	7	0	16	grass	0	-1
block	7	0	17	grass	0	-1
block	7	0	18	grass	0	-1
block	7	0	19	grass	0	-1
block	7	0	20	grass	0	-1
block	7	0	21	grass	0	-1
block	7	0	22	grass	0	-1
block	8	0	3	grass	0	-1
block	8	0	4	grass	0	-1
block	8	0	5	grass	0	-1
block	8	0	6	grass	0	-1
block	8	0	7	grass	0	-1
block	8	0	8	grass	0	-1
block	8	0	9	farmland	7	-1
block	8	0	10	farmland	7	-1
block	8	0	11	farmland	7	-1
block	8	0	12	farmland	7	-1
block	8	0	13	farmland	7	-1
block	8	0	14	farmland	7	-1
block	8	0	15	farmland	7	-1
block	8	0	16	farmland	7	-1
block	8	0	17	farmland	7	-1
block	8	0	18	grass	0	-1
block	8	0	19	grass	0	-1
block	8	0	20	grass	0	-1
block	8	0	21	grass	0	-1
block	8	0	22	grass	0	-1
block	9	0	3	grass	0	-1
block	9	0	4	grass	0	-1
block	9	0	5	grass	0	-1
block	9	0	6	grass	0	-1
block	9	0	7	grass	0	-1
block	9	0	8	grass	0	-1
block	9	0	9	farmland	7	-1
block	9	0	10	farmland	7	-1
block	9	0	11	farmland	7	-1
block	9	0	12	farmland	7	-1
block	9	0	13	farmland	7	-1
block	9	0	14	farmland	7	-1
block	9	0	15	farmland	7	-1
block	9	0	16	farmland	7	-1
block	9	0	17	farmland	7	-1
block	9	0	18	grass	0	-1
block	9	0	19	grass	0	-1
block	9	0	20	grass	0	-1
block	9	0	21	grass	0	-1
block	9	0	22	grass	0	-1
block	10	0	3	grass	0	-1
block	10	0	4	grass	0	-1
block	10	0	5	grass	0	-1
block	10	0	6	grass	0	-1
block	10	0	7	grass	0	-1
block	10	0	8	farmland	7	-1
block	10	0	9	farmland	7	-1
block	10	0	10	farmland	7	-1
block	10	0	11	grass	0	-1
block	10	0	12	grass	0	-1
block	10	0	13	grass	0	-1
block	10	0	14	farmland	7	-1
block	10	0	15	farmland	7	-1
block	10	0	16	farmland	7	-1
block	10	0	17	farmland	7	-1
block	10	0	18	grass	0	-1
block	10	0	19	grass	0	-1
block	10	0	20	grass	0	-1
block	10	0	21	grass	0	-1
block	10	0	22	grass	0	-1
block	11	0	3	grass	0	-1
block	11	0	4	grass	0	-1
block	11	0	5	grass	0	-1
block	11	0	6	grass	0	-1
block	11	0	7	grass	0	-1
block	11	0	8	farmland	7	-1
block	11	0	9	grass	0	-1
block	11	0	10	cobblestone	0	-1
block	11	0	11	cobblestone	0	-1
block	11	0	12	cobblestone	0	-1
block	11	0	13	cobblestone	0	-1
block	11	0	14	cobblestone	0	-1
block	11	0	15	farmland	7	-1
block	11	0	16	farmland	7	-1
block	11	0	17	farmland	7	-1
block	11	0	18	grass	0	-1
block	11	0	19	grass	0	-1
block	11	0	20	grass	0	-1
block	11	0	21	grass	0	-1
block	11	0	22	grass	0	-1
block	12	0	3	cobblestone	0	-1
block	12	0	4	cobblestone	0	-1
block	12	0	5	cobblestone	0	-1
block	12	0	6	cobblestone	0	-1
block	12	0	7	cobblestone	0	-1
block	12	0	8	cobblestone	0	-1
block	12	0	9	cobblestone	0	-1
block	12	0	10	cobblestone	0	-1
block	12	0	11	cobblestone	0	-1
block	12	0	12	cobblestone	0	-1
block	12	0	14	cobblestone	0	-1
block	12	0	15	grass	0	-1
block	12	0	16	farmland	7	-1
block	12	0	17	farmland	7	-1
block	12	0	18	grass	0	-1
block	12	0	19	grass	0	-1
block	12	0	20	grass	0	-1
block	12	0	21	grass	0	-1
block	12	0	22	grass	0	-1
block	13	0	3	grass	0	-1
block	13	0	4	grass	0	-1
block	13	0	5	grass	0	-1
block	13	0	6	grass	0	-1
block	13	0	7	grass	0	-1
block	13	0	8	farmland	7	-1
block	13	0	9	grass	0	-1
block	13	0	10	cobblestone	0	-1
block	13	0	11	cobblestone	0	-1
block	13	0	14	cobblestone	0	-1
block	13	0	15	grass	0	-1
block	13	0	16	farmland	7	-1
block	13	0	17	farmland	7	-1
block	13	0	18	grass	0	-1
block	13	0	19	grass	0	-1
block	13	0	20	grass	0	-1
block	13	0	21	grass	0	-1
block	13	0	22	grass	0	-1
block	14	0	3	grass	0	-1
block	14	0	4	grass	0	-1
block	14	0	5	grass	0	-1
block	14	0	6	grass	0	-1
block	14	0	7	grass	0	-1
block	14	0	8	farmland	7	-1
block	14	0	9	farmland	7	-1
block	14	0	10	cobblestone	0	-1
block	14	0	11	cobblestone	0	-1
block	14	0	12	cobblestone	0	-1
block	14	0	13	cobblestone	0	-1
block	14	0	14	cobblestone	0	-1
block	14	0	15	farmland	7	-1
block	14	0	16	farmland	7	-1
block	14	0	17	farmland	7	-1
block	14	0	18	grass	0	-1
block	14	0	19	grass	0	-1
block	14	0	20	grass	0	-1
block	14	0	21	grass	0	-1
block	14	0	22	grass	0	-1
block	15	0	3	grass	0	-1
block	15	0	4	grass	0	-1
block	15	0	5	grass	0	-1
block	15	0	6	grass	0	-1
block	15	0	7	grass	0	-1
block	15	0	8	grass	0	-1
block	15	0	9	farmland	7	-1
block	15	0	10	farmland	7	-1
block	15	0	11	grass	0	-1
block	15	0	12	grass	0	-1
block	15	0	13	grass	0	-1
block	15	0	14	farmland	7	-1
block	15	0	15	farmland	7	-1
block	15	0	16	farmland	7	-1
block	15	0	17	farmland	7	-1
block	15	0	18	grass	0	-1
block	15	0	19	grass	0	-1
block	15	0	20	grass	0	-1
block	15	0	21	grass	0	-1
block	15	0	22	grass	0	-1
block	16	0	3	grass	0	-1
block	16	0	4	grass	0	-1
block	16	0	5	grass	0	-1
block	16	0	6	grass	0	-1
block	16	0	7	grass	0	-1
block	16	0	8	grass	0	-1
block	16	0	9	farmland	7	-1
block	16	0	10	farmland	7	-1
block	16	0	11	farmland	7	-1
block	16	0	12	farmland	7	-1
block	16	0	13	farmland	7	-1
block	16	0	14	farmland	7	-1
block	16	0	15	farmland	7	-1
block	16	0	16	farmland	7	-1
block	16	0	17	farmland	7	-1
block	16	0	18	grass	0	-1
block	16	0	19	grass	0	-1
block	16	0	20	grass	0	-1
block	16	0	21	grass	0	-1
block	16	0	22	grass	0	-1
block	17	0	3	grass	0	-1
block	17	0	4	grass	0	-1
block	17	0	5	grass	0	-1
block	17	0	6	grass	0	-1
block	17	0	7	grass	0	-1
block	17	0	8	grass	0	-1
block	17	0	9	farmland	7	-1
block	17	0	10	farmland	7	-1
block	17	0	11	farmland	7	-1
block	17	0	12	farmland	7	-1
block	17	0	13	farmland	7	-1
block	17	0	14	farmland	7	-1
block	17	0	15	farmland	7	-1
block	17	0	16	farmland	7	-1
block	17	0	17	farmland	7	-1
block	17	0	18	grass	0	-1
block	17	0	19	grass	0	-1
block	17	0	20	grass	0	-1
block	17	0	21	grass	0	-1
block	17	0	22	grass	0	-1
block	18	0	3	grass	0	-1
block	18	0	4	grass	0	-1
block	18	0	5	grass	0	-1
block	18	0	6	grass	0	-1
block	18	0	7	grass	0	-1
block	18	0	8	grass	0	-1
block	18	0	9	grass	0	-1
block	18	0	10	grass	0	-1
block	18	0	11	grass	0	-1
block	18	0	12	grass	0	-1
block	18	0	13	grass	0	-1
block	18	0	14	grass	0	-1
block	18	0	15	grass	0	-1
block	18	0	16	grass	0	-1
block	18	0	17	grass	0	-1
block	18	0	18	grass	0	-1
block	18	0	19	grass	0	-1
block	18	0	20	grass	0	-1
block	18	0	21	grass	0	-1
block	18	0	22	grass	0	-1
block	19	0	3	grass	0	-1
block	19	0	4	grass	0	-1
block	19	0	5	grass	0	-1
block	19	0	6	grass	0	-1
block	19	0	7	grass	0	-1
block	19	0	8	grass	0	-1
block	19	0	9	grass	0	-1
block	19	0	10	grass	0	-1
block	19	0	11	grass	0	-1
block	19	0	12	grass	0	-1
block	19	0	13	grass	0	-1
block	19	0	14	grass	0	-1
block	19	0	15	grass	0	-1
block	19	0	16	grass	0	-1
block	19	0	17	grass	0	-1
block	19	0	18	grass	0	-1
block	19	0	19	grass	0	-1
block	19	0	20	grass	0	-1
block	19	0	21	grass	0	-1
block	19	0	22	grass	0	-1
block	20	0	3	grass	0	-1
block	20	0	4	grass	0	-1
block	20	0	5	grass	0	-1
block	20	0	6	grass	0	-1
block	20	0	7	grass	0	-1
block	20	0	8	grass	0	-1
block	20	0	9	grass	0	-1
block	20	0	10	grass	0	-1
block	20	0	11	grass	0	-1
block	20	0	12	grass	0	-1
block	20	0	13	grass	0	-1
block	20	0	14	grass	0	-1
block	20	0	15	grass	0	-1
block	20	0	16	grass	0	-1
block	20	0	17	grass	0	-1
block	20	0	18	grass	0	-1
block	20	0	19	grass	0	-1
block	20	0	20	grass	0	-1
block	20	0	21	grass	0	-1
block	20	0	22	grass	0	-1
block	21	0	3	grass	0	-1
block	21	0	4	grass	0	-1
block	21	0	5	grass	0	-1
block	21	0	6	grass	0	-1
block	21	0	7	grass	0	-1
block	21	0	8	grass	0	-1
block	21	0	9	grass	0	-1
block	21	0	10	grass	0	-1
block	21	0	11	grass	0	-1
block	21	0	12	grass	0	-1
block	21	0	13	grass	0	-1
block	21	0	14	grass	0	-1
block	21	0	15	grass	0	-1
block	21	0	16	grass	0	-1
block	21	0	17	grass	0	-1
block	21	0	18	grass	0	-1
block	21	0	19	grass	0	-1
block	21	0	20	grass	0	-1
block	21	0	21	grass	0	-1
block	21	0	22	grass	0	-1
block	22	0	3	grass	0	-1
block	22	0	4	grass	0	-1
block	22	0	5	grass	0	-1
block	22	0	6	grass	0	-1
block	22	0	7	grass	0	-1
block	22	0	8	grass	0	-1
block	22	0	9	grass	0	-1
block	22	0	10	grass	0	-1
block	22	0	11	grass	0	-1
block	22	0	12	grass	0	-1
block	22	0	13	grass	0	-1
block	22	0	14	grass	0	-1
block	22	0	15	grass	0	-1
block	22	0	16	grass	0	-1
block	22	0	17	grass	0	-1
block	22	0	18	grass	0	-1
block	22	0	19	grass	0	-1
block	22	0	20	grass	0	-1
block	22	0	21	grass	0	-1
block	22	0	22	grass	0	-1
block	3	1	6	pumpkin	0	-1
block	3	1	8	pumpkin	-1	-1
block	3	1	10	red_flower	0	-1
block	3	1	12	pumpkin	0	-1
block	3	1	14	pumpkin	0	-1
block	3	1	17	pumpkin	-1	-1
block	4	1	4	pumpkin	0	-1
block	4	1	10	pumpkin	1	-1
block	4	1	20	pumpkin	-1	-1
block	5	1	3	pumpkin	1	-1
block	5	1	5	pumpkin	1	-1
block	5	1	8	pumpkin	-1	-1
block	5	1	9	pumpkin	2	-1
block	5	1	10	pumpkin	1	-1
block	5	1	12	pumpkin	-1	-1
block	5	1	18	pumpkin	0	-1
block	6	1	20	pumpkin	0	-1
block	7	1	5	pumpkin	1	-1
block	7	1	8	cobblestone	0	-1
block	7	1	9	fence	0	-1
block	7	1	10	fence	0	-1
block	7	1	11	fence	0	-1
block	7	1	12	fence	0	-1
block	7	1	13	fence	0	-1
block	7	1	14	fence	0	-1
block	7	1	15	fence	0	-1
block	7	1	16	fence	0	-1
block	7	1	17	fence	0	-1
block	7	1	18	cobblestone	0	-1
block	7	1	21	pumpkin	-1	-1
block	8	1	8	fence	0	-1
block	8	1	9	wheat	0	-1
block	8	1	10	wheat	0	-1
block	8	1	11	wheat	0	-1
block	8	1	12	wheat	0	-1
block	8	1	13	wheat	0	-1
block	8	1	14	wheat	0	-1
block	8	1	15	wheat	0	-1
block	8	1	16	wheat	0	-1
block	8	1	17	wheat	0	-1
block	8	1	18	fence	0	-1
block	9	1	7	fence	0	-1
block	9	1	8	fence	0	-1
block	9	1	9	wheat	0	-1
block	9	1	10	wheat	0	-1
block	9	1	11	wheat	0	-1
block	9	1	12	wheat	0	-1
block	9	1	13	wheat	0	-1
block	9	1	14	wheat	0	-1
block	9	1	15	wheat	0	-1
block	9	1	16	wheat	0	-1
block	9	1	17	wheat	0	-1
block	9	1	18	fence	0	-1
block	9	1	21	pumpkin	2	-1
block	9	1	22	pumpkin	-1	-1
block	10	1	6	lit_pumpkin	2	-1
block	10	1	7	fence	0	-1
block	10	1	8	wheat	0	-1
block	10	1	9	wheat	0	-1
block	10	1	10	wheat	0	-1
block	10	1	11	planks	1	-1
block	10	1	12	stone_brick_stairs	4	-1
block	10	1	13	planks	1	-1
block	10	1	14	wheat	0	-1
block	10	1	15	wheat	0	-1
block	10	1	16	wheat	0	-1
block	10	1	17	wheat	0	-1
block	10	1	18	fence	0	-1
block	10	1	21	pumpkin	1	-1
block	11	1	6	fence	0	-1
block	11	1	7	fence	0	-1
block	11	1	8	wheat	0	-1
block	11	1	9	planks	1	-1
block	11	1	10	planks	1	-1
block	11	1	11	planks	1	-1
block	11	1	12	planks	1	-1
block	11	1	13	planks	1	-1
block	11	1	14	planks	1	-1
block	11	1	15	wheat	0	-1
block	11	1	16	wheat	0	-1
block	11	1	17	wheat	0	-1
block	11	1	18	fence	0	-1
block	12	1	6	fence_gate	0	-1
block	12	1	10	wooden_door	1	-1
block	12	1	12	planks	1	-1
block	12	1	14	planks	1	-1
block	12	1	15	planks	1	-1
block	12	1	16	wheat	0	-1
block	12	1	17	wheat	0	-1
block	12	1	18	fence	0	-1
block	12	1	20	pumpkin	0	-1
block	12	1	21	pumpkin	-1	-1
block	13	1	6	fence	0	-1
block	13	1	7	fence	0	-1
block	13	1	8	wheat	0	-1
block	13	1	9	planks	1	-1
block	13	1	10	planks	1	-1
block	13	1	14	planks	1	-1
block	13	1	15	planks	1	-1
block	13	1	16	wheat	0	-1
block	13	1	17	wheat	0	-1
block	13	1	18	fence	0	-1
block	13	1	22	pumpkin	1	-1
block	14	1	7	fence	0	-1
block	14	1	8	wheat	0	-1
block	14	1	9	wheat	0	-1
block	14	1	10	planks	1	-1
block	14	1	11	planks	1	-1
block	14	1	12	planks	1	-1
block	14	1	13	planks	1	-1
block	14	1	14	planks	1	-1
block	14	1	15	wheat	0	-1
block	14	1	16	wheat	0	-1
block	14	1	17	wheat	0	-1
block	14	1	18	fence	0	-1
block	14	1	20	red_flower	0	-1
block	14	1	21	red_flower	0	-1
block	15	1	7	fence	0	-1
block	15	1	8	fence	0	-1
block	15	1	9	wheat	0	-1
block	15	1	10	wheat	0	-1
block	15	1	11	planks	1	-1
block	15	1	12	stone_brick_stairs	5	-1
block	15	1	13	planks	1	-1
block	15	1	14	wheat	0	-1
block	15	1	15	wheat	0	-1
block	15	1	16	wheat	0	-1
block	15	1	17	wheat	0	-1
block	15	1	18	fence	0	-1
block	15	1	19	pumpkin	0	-1
spawner	16	1	5	jaxx_olantern_spawner	0	-1
block	16	1	8	fence	0	-1
block	16	1	9	wheat	0	-1
block	16	1	10	wheat	0	-1
block	16	1	11	wheat	0	-1
block	16	1	12	wheat	0	-1
block	16	1	13	wheat	0	-1
block	16	1	14	wheat	0	-1
block	16	1	15	wheat	0	-1
block	16	1	16	wheat	0	-1
block	16	1	17	wheat	0	-1
block	16	1	18	fence	0	-1
block	16	1	19	yellow_flower	0	-1
block	17	1	4	pumpkin	-1	-1
block	17	1	8	fence	0	-1
block	17	1	9	wheat	0	-1
block	17	1	10	wheat	0	-1
block	17	1	11	wheat	0	-1
block	17	1	12	wheat	0	-1
block	17	1	13	wheat	0	-1
block	17	1	14	wheat	0	-1
block	17	1	15	wheat	0	-1
block	17	1	16	wheat	0	-1
block	17	1	17	wheat	0	-1
block	17	1	18	fence	0	-1
block	17	1	21	pumpkin	0	-1
block	18	1	8	cobblestone	0	-1
block	18	1	9	fence	0	-1
block	18	1	10	fence	0	-1
block	18	1	11	fence	0	-1
block	18	1	12	fence	0	-1
block	18	1	13	fence	0	-1
block	18	1	14	fence	0	-1
block	18	1	15	fence	0	-1
block	18	1	16	fence	0	-1
block	18	1	17	fence	0	-1
block	18	1	18	cobblestone	0	-1
block	19	1	21	pumpkin	0	-1
block	20	1	5	pumpkin	2	-1
block	20	1	7	pumpkin	2	-1
block	20	1	20	yellow_flower	0	-1
block	21	1	8	pumpkin	2	-1
block	21	1	11	pumpkin	1	-1
block	21	1	16	pumpkin	1	-1
block	22	1	5	pumpkin	1	-1
block	22	1	11	pumpkin	-1	-1
block	22	1	12	yellow_flower	0	-1
block	22	1	14	pumpkin	2	-1
block	22	1	18	pumpkin	2	-1
block	10	2	11	fence	0	-1
block	10	2	13	fence	0	-1
block	11	2	10	fence	0	-1
block	11	2	11	planks	1	-1
block	11	2	12	glass_pane	0	-1
block	11	2	13	planks	1	-1
block	11	2	14	fence	0	-1
block	12	2	10	wooden_door	8	-1
block	12	2	13	planks	1	-1
block	12	2	14	planks	1	-1
block	13	2	10	planks	1	-1
block	13	2	14	planks	1	-1
block	14	2	10	fence	0	-1
block	14	2	11	planks	1	-1
block	14	2	12	glass_pane	0	-1
block	14	2	13	planks	1	-1
block	14	2	14	fence	0	-1
block	15	2	11	fence	0	-1
block	15	2	13	fence	0	-1
block	10	3	11	stone_brick_stairs	2	-1
block	10	3	13	stone_brick_stairs	3	-1
block	11	3	10	fence	0	-1
block	11	3	11	planks	1	-1
block	11	3	12	glass_pane	0	-1
block	11	3	13	planks	1	-1
block	11	3	14	fence	0	-1
block	12	3	10	stone_brick_stairs	2	-1
block	12	3	14	planks	1	-1
block	13	3	10	planks	1	-1
block	13	3	13	planks	1	-1
block	13	3	14	planks	1	-1
block	14	3	10	fence	0	-1
block	14	3	11	planks	1	-1
block	14	3	12	glass_pane	0	-1
block	14	3	13	planks	1	-1
block	14	3	14	fence	0	-1
block	15	3	11	stone_brick_stairs	2	-1
block	15	3	13	stone_brick_stairs	3	-1
block	9	4	11	stone_slab	13	-1
block	9	4	12	stone_slab	13	-1
block	9	4	13	stone_slab	13	-1
block	10	4	10	fence	0	-1
block	10	4	11	stone_slab	13	-1
block	10	4	12	stonebrick	0	-1
block	10	4	13	stone_slab	13	-1
block	10	4	14	fence	0	-1
block	11	4	10	planks	1	-1
block	11	4	11	planks	1	-1
block	11	4	12	planks	1	-1
block	11	4	13	planks	1	-1
block	11	4	14	planks	1	-1
block	12	4	10	planks	1	-1
block	12	4	14	planks	1	-1
block	13	4	10	planks	1	-1
block	13	4	12	planks	1	-1
block	13	4	14	planks	1	-1
block	14	4	10	planks	1	-1
block	14	4	11	planks	1	-1
block	14	4	12	planks	1	-1
block	14	4	13	planks	1	-1
block	14	4	14	planks	1	-1
block	15	4	10	fence	0	-1
block	15	4	11	stone_slab	13	-1
block	15	4	12	stonebrick	0	-1
block	15	4	13	stone_slab	13	-1
block	15	4	14	fence	0	-1
block	16	4	11	stone_slab	13	-1
block	16	4	12	stone_slab	13	-1
block	16	4	13	stone_slab	13	-1
block	9	5	9	fence	0	-1
block	9	5	11	fence	0	-1
block	9	5	12	fence	0	-1
block	9	5	13	fence	0	-1
block	9	5	15	fence	0	-1
block	10	5	8	fence	0	-1
block	10	5	9	planks	1	-1
block	10	5	10	planks	1	-1
block	10	5	11	fence	0	-1
block	10	5	13	fence	0	-1
block	10	5	14	planks	1	-1
block	10	5	15	planks	1	-1
block	10	5	16	fence	0	-1
block	11	5	9	fence	0	-1
block	11	5	10	planks	1	-1
block	11	5	11	planks	1	-1
block	11	5	12	planks	1	-1
block	11	5	13	planks	1	-1
block	11	5	14	planks	1	-1
block	11	5	15	fence	0	-1
block	12	5	10	planks	1	-1
block	12	5	11	planks	1	-1
block	12	5	12	planks	1	-1
block	12	5	14	planks	1	-1
block	13	5	10	planks	1	-1
block	13	5	11	planks	1	-1
block	13	5	14	planks	1	-1
block	14	5	9	fence	0	-1
block	14	5	10	planks	1	-1
block	14	5	11	planks	1	-1
block	14	5	12	planks	1	-1
block	14	5	13	planks	1	-1
block	14	5	14	planks	1	-1
block	14	5	15	fence	0	-1
block	15	5	8	fence	0	-1
block	15	5	9	planks	1	-1
block	15	5	10	planks	1	-1
block	15	5	11	fence	0	-1
block	15	5	13	fence	0	-1
block	15	5	14	planks	1	-1
block	15	5	15	planks	1	-1
block	15	5	16	fence	0	-1
block	16	5	9	fence	0	-1
block	16	5	11	fence	0	-1
block	16	5	12	fence	0	-1
block	16	5	13	fence	0	-1
block	16	5	15	fence	0	-1
block	8	6	6	stone_brick_stairs	5	-1
block	8	6	7	stone_brick_stairs	5	-1
block	8	6	10	stone_brick_stairs	7	-1
block	8	6	14	stone_brick_stairs	6	-1
block	8	6	17	stone_brick_stairs	5	-1
block	8	6	18	stone_brick_stairs	5	-1
block	9	6	9	planks	1	-1
block	9	6	10	planks	1	-1
block	9	6	14	planks	1	-1
block	9	6	15	planks	1	-1
block	10	6	8	planks	1	-1
block	10	6	9	planks	1	-1
block	10	6	10	planks	1	-1
block	10	6	11	planks	1	-1
block	10	6	13	planks	1	-1
block	10	6	14	planks	1	-1
block	10	6	15	planks	1	-1
block	10	6	16	planks	1	-1
block	11	6	9	planks	1	-1
block	11	6	15	planks	1	-1
block	12	6	9	planks	1	-1
block	12	6	11	planks	1	-1
block	12	6	15	planks	1	-1
block	13	6	9	planks	1	-1
block	13	6	11	planks	1	-1
block	13	6	15	planks	1	-1
block	14	6	9	planks	1	-1
block	14	6	15	planks	1	-1
block	15	6	8	planks	1	-1
block	15	6	9	planks	1	-1
block	15	6	10	planks	1	-1
block	15	6	11	planks	1	-1
block	15	6	13	planks	1	-1
block	15	6	14	planks	1	-1
block	15	6	15	planks	1	-1
block	15	6	16	planks	1	-1
block	16	6	9	planks	1	-1
block	16	6	10	planks	1	-1
block	16	6	14	planks	1	-1
block	16	6	15	planks	1	-1
block	17	6	6	stone_brick_stairs	4	-1
block	17	6	7	stone_brick_stairs	4	-1
block	17	6	10	stone_brick_stairs	7	-1
block	17	6	14	stone_brick_stairs	6	-1
block	17	6	17	stone_brick_stairs	4	-1
block	17	6	18	stone_brick_stairs	4	-1
block	8	7	6	stone_brick_stairs	0	-1
block	8	7	7	stone_brick_stairs	0	-1
block	8	7	8	stone_brick_stairs	0	-1
block	8	7	9	stone_brick_stairs	0	-1
block	8	7	10	stone_brick_stairs	0	-1
block	8	7	11	stone_brick_stairs	0	-1
block	8	7	12	stone_brick_stairs	0	-1
block	8	7	13	stone_brick_stairs	0	-1
block	8	7	14	stone_brick_stairs	0	-1
block	8	7	15	stone_brick_stairs	0	-1
block	8	7	16	stone_brick_stairs	0	-1
block	8	7	17	stone_brick_stairs	0	-1
block	8	7	18	stone_brick_stairs	0	-1
block	9	7	9	planks	1	-1
block	9	7	10	planks	1	-1
block	9	7	11	fence	0	-1
block	9	7	13	fence	0	-1
block	9	7	14	planks	1	-1
block	9	7	15	planks	1	-1
block	10	7	8	planks	1	-1
block	10	7	9	planks	1	-1
block	10	7	11	planks	1	-1
block	10	7	13	planks	1	-1
block	10	7	15	planks	1	-1
block	10	7	16	planks	1	-1
block	11	7	9	planks	1	-1
block	11	7	15	planks	1	-1
block	12	7	9	glass_pane	0	-1
block	12	7	11	planks	1	-1
block	12	7	15	glass_pane	0	-1
block	13	7	9	glass_pane	0	-1
block	13	7	15	glass_pane	0	-1
block	14	7	9	planks	1	-1
block	14	7	15	planks	1	-1
block	15	7	8	planks	1	-1
block	15	7	9	planks	1	-1
block	15	7	11	planks	1	-1
block	15	7	13	planks	1	-1
block	15	7	15	planks	1	-1
block	15	7	16	planks	1	-1
block	16	7	9	planks	1	-1
block	16	7	10	planks	1	-1
block	16	7	11	fence	0	-1
block	16	7	13	fence	0	-1
block	16	7	14	planks	1	-1
block	16	7	15	planks	1	-1
block	17	7	6	stone_brick_stairs	1	-1
block	17	7	7	stone_brick_stairs	1	-1
block	17	7	8	stone_brick_stairs	1	-1
block	17	7	9	stone_brick_stairs	1	-1
block	17	7	10	stone_brick_stairs	1	-1
block	17	7	11	stone_brick_stairs	1	-1
block	17	7	12	stone_brick_stairs	1	-1
block	17	7	13	stone_brick_stairs	1	-1
block	17	7	14	stone_brick_stairs	1	-1
block	17	7	15	stone_brick_stairs	1	-1
block	17	7	16	stone_brick_stairs	1	-1
block	17	7	17	stone_brick_stairs	1	-1
block	17	7	18	stone_brick_stairs	1	-1
block	9	8	6	stone_brick_stairs	0	-1
block	9	8	7	stone_brick_stairs	0	-1
block	9	8	8	stone_brick_stairs	0	-1
block	9	8	9	planks	1	-1
block	9	8	10	planks	1	-1
block	9	8	11	stone_brick_stairs	0	-1
block	9	8	12	stone_brick_stairs	0	-1
block	9	8	13	stone_brick_stairs	0	-1
block	9	8	14	planks	1	-1
block	9	8	15	planks	1	-1
block	9	8	16	stone_brick_stairs	0	-1
block	9	8	17	stone_brick_stairs	0	-1
block	9	8	18	stone_brick_stairs	0	-1
block	10	8	7	fence	0	-1
block	10	8	8	planks	1	-1
block	10	8	11	planks	1	-1
block	10	8	12	planks	1	-1
block	10	8	13	planks	1	-1
block	10	8	16	planks	1	-1
block	10	8	17	fence	0	-1
block	11	8	8	fence	0	-1
block	11	8	9	planks	1	-1
block	11	8	11	planks	1	-1
block	11	8	12	planks	1	-1
block	11	8	13	planks	1	-1
block	11	8	15	planks	1	-1
block	11	8	16	fence	0	-1
block	12	8	9	glass_pane	0	-1
block	12	8	12	planks	1	-1
block	12	8	13	planks	1	-1
block	12	8	15	glass_pane	0	-1
block	13	8	9	glass_pane	0	-1
block	13	8	12	planks	1	-1
block	13	8	13	planks	1	-1
block	13	8	15	glass_pane	0	-1
block	14	8	8	fence	0	-1
block	14	8	9	planks	1	-1
block	14	8	12	planks	1	-1
block	14	8	13	planks	1	-1
block	14	8	15	planks	1	-1
block	14	8	16	fence	0	-1
block	15	8	7	fence	0	-1
block	15	8	8	planks	1	-1
block	15	8	11	planks	1	-1
block	15	8	12	planks	1	-1
block	15	8	13	planks	1	-1
block	15	8	16	planks	1	-1
block	15	8	17	fence	0	-1
block	16	8	6	stone_brick_stairs	1	-1
block	16	8	7	stone_brick_stairs	1	-1
block	16	8	8	stone_brick_stairs	1	-1
block	16	8	9	planks	1	-1
block	16	8	10	planks	1	-1
block	16	8	11	stone_brick_stairs	1	-1
block	16	8	12	stone_brick_stairs	1	-1
block	16	8	13	stone_brick_stairs	1	-1
block	16	8	14	planks	1	-1
block	16	8	15	planks	1	-1
block	16	8	16	stone_brick_stairs	1	-1
block	16	8	17	stone_brick_stairs	1	-1
block	16	8	18	stone_brick_stairs	1	-1
block	8	9	8	fence	0	-1
block	8	9	16	fence	0	-1
block	9	9	7	fence	0	-1
block	9	9	8	planks	1	-1
block	9	9	9	planks	1	-1
block	9	9	10	planks	1	-1
block	9	9	14	planks	1	-1
block	9	9	15	planks	1	-1
block	9	9	16	planks	1	-1
block	9	9	17	fence	0	-1
block	10	9	5	stone_brick_stairs	6	-1
block	10	9	6	stone_brick_stairs	0	-1
block	10	9	7	planks	1	-1
block	10	9	11	planks	1	-1
block	10	9	12	stone_brick_stairs	0	-1
block	10	9	13	planks	1	-1
block	10	9	17	planks	1	-1
block	10	9	18	stone_brick_stairs	0	-1
block	10	9	19	stone_brick_stairs	7	-1
block	11	9	8	planks	1	-1
block	11	9	9	planks	1	-1
block	11	9	10	planks	1	-1
block	11	9	11	planks	1	-1
block	11	9	12	planks	1	-1
block	11	9	13	planks	1	-1
block	11	9	14	planks	1	-1
block	11	9	15	planks	1	-1
block	11	9	16	planks	1	-1
block	12	9	9	planks	1	-1
block	12	9	10	planks	1	-1
chest	12	9	13	chest	0	8
block	12	9	14	planks	1	-1
block	12	9	15	planks	1	-1
block	13	9	9	planks	1	-1
block	13	9	10	planks	1	-1
block	13	9	14	planks	1	-1
block	13	9	15	planks	1	-1
block	14	9	8	planks	1	-1
block	14	9	9	planks	1	-1
block	14	9	10	planks	1	-1
block	14	9	11	planks	1	-1
block	14	9	12	planks	1	-1
block	14	9	13	planks	1	-1
block	14	9	14	planks	1	-1
block	14	9	15	planks	1	-1
block	14	9	16	planks	1	-1
block	15	9	5	stone_brick_stairs	6	-1
block	15	9	6	stone_brick_stairs	1	-1
block	15	9	7	planks	1	-1
block	15	9	11	planks	1	-1
block	15	9	12	stone_brick_stairs	1	-1
block	15	9	13	planks	1	-1
block	15	9	17	planks	1	-1
block	15	9	18	stone_brick_stairs	1	-1
block	15	9	19	stone_brick_stairs	7	-1
block	16	9	7	fence	0	-1
block	16	9	8	planks	1	-1
block	16	9	9	planks	1	-1
block	16	9	10	planks	1	-1
block	16	9	14	planks	1	-1
block	16	9	15	planks	1	-1
block	16	9	16	planks	1	-1
block	16	9	17	fence	0	-1
block	17	9	8	fence	0	-1
block	17	9	16	fence	0	-1
block	7	10	8	fence	0	-1
block	8	10	7	fence	0	-1
block	8	10	8	planks	1	-1
block	8	10	9	fence	0	-1
block	8	10	16	planks	1	-1
block	8	10	17	fence	0	-1
block	9	10	7	planks	1	-1
block	9	10	9	planks	1	-1
block	9	10	10	fence	0	-1
block	9	10	14	fence	0	-1
block	9	10	15	planks	1	-1
block	9	10	17	planks	1	-1
block	9	10	18	fence	0	-1
block	10	10	7	planks	1	-1
block	10	10	10	planks	1	-1
block	10	10	11	fence	0	-1
block	10	10	13	fence	0	-1
block	10	10	14	planks	1	-1
block	10	10	17	planks	1	-1
block	11	10	5	stone_brick_stairs	0	-1
block	11	10	6	stone_brick_stairs	0	-1
block	11	10	7	stone_brick_stairs	0	-1
block	11	10	8	planks	1	-1
block	11	10	9	planks	1	-1
block	11	10	10	stone_brick_stairs	0	-1
block	11	10	11	planks	1	-1
block	11	10	12	glass_pane	0	-1
block	11	10	13	planks	1	-1
block	11	10	14	stone_brick_stairs	0	-1
block	11	10	15	planks	1	-1
block	11	10	16	planks	1	-1
block	11	10	17	stone_brick_stairs	0	-1
block	11	10	18	stone_brick_stairs	0	-1
block	11	10	19	stone_brick_stairs	0	-1
block	12	10	6	stone_brick_stairs	5	-1
block	12	10	7	planks	1	-1
block	12	10	8	planks	1	-1
block	12	10	9	planks	1	-1
block	12	10	10	planks	1	-1
block	12	10	14	planks	1	-1
block	12	10	15	planks	1	-1
block	12	10	16	planks	1	-1
block	12	10	17	planks	1	-1
block	12	10	18	stone_brick_stairs	5	-1
block	13	10	6	stone_brick_stairs	4	-1
block	13	10	7	planks	1	-1
block	13	10	8	planks	1	-1
block	13	10	9	planks	1	-1
block	13	10	10	planks	1	-1
block	13	10	14	planks	1	-1
block	13	10	15	planks	1	-1
block	13	10	16	planks	1	-1
block	13	10	17	planks	1	-1
block	13	10	18	stone_brick_stairs	4	-1
block	14	10	5	stone_brick_stairs	1	-1
block	14	10	6	stone_brick_stairs	1	-1
block	14	10	7	stone_brick_stairs	1	-1
block	14	10	8	planks	1	-1
block	14	10	9	planks	1	-1
block	14	10	10	stone_brick_stairs	1	-1
block	14	10	11	planks	1	-1
block	14	10	12	glass_pane	0	-1
block	14	10	13	planks	1	-1
block	14	10	14	stone_brick_stairs	1	-1
block	14	10	15	planks	1	-1
block	14	10	16	planks	1	-1
block	14	10	17	stone_brick_stairs	1	-1
block	14	10	18	stone_brick_stairs	1	-1
block	14	10	19	stone_brick_stairs	1	-1
block	15	10	7	planks	1	-1
block	15	10	10	planks	1	-1
block	15	10	11	fence	0	-1
block	15	10	13	fence	0	-1
block	15	10	14	planks	1	-1
block	15	10	17	planks	1	-1
block	16	10	6	fence	0	-1
block	16	10	7	planks	1	-1
block	16	10	9	planks	1	-1
block	16	10	10	fence	0	-1
block	16	10	14	fence	0	-1
block	16	10	15	planks	1	-1
block	16	10	17	planks	1	-1
block	17	10	7	fence	0	-1
block	17	10	8	planks	1	-1
block	17	10	15	fence	0	-1
block	17	10	16	planks	1	-1
block	17	10	17	fence	0	-1
block	18	10	16	fence	0	-1
block	7	11	7	fence	0	-1
block	7	11	8	planks	1	-1
block	7	11	17	fence	0	-1
block	8	11	6	fence	0	-1
block	8	11	7	planks	1	-1
block	8	11	9	planks	1	-1
block	8	11	16	planks	1	-1
block	8	11	17	planks	1	-1
block	8	11	18	fence	0	-1
block	9	11	7	planks	1	-1
block	9	11	9	planks	1	-1
block	9	11	15	planks	1	-1
block	9	11	18	planks	1	-1
block	10	11	7	planks	1	-1
block	10	11	9	planks	1	-1
block	10	11	10	fence	0	-1
block	10	11	14	fence	0	-1
block	10	11	15	planks	1	-1
block	10	11	17	planks	1	-1
block	11	11	8	planks	1	-1
block	11	11	9	fence	0	-1
block	11	11	11	planks	1	-1
block	11	11	12	glass_pane	0	-1
block	11	11	13	planks	1	-1
block	11	11	15	fence	0	-1
block	11	11	16	planks	1	-1
block	12	11	4	stone_brick_stairs	6	-1
block	12	11	5	stone_brick_stairs	5	-1
block	12	11	6	stone_brick_stairs	0	-1
block	12	11	7	stone_brick_stairs	0	-1
block	12	11	8	stone_brick_stairs	0	-1
block	12	11	9	stone_brick_stairs	0	-1
block	12	11	10	stone_brick_stairs	0	-1
block	12	11	11	planks	1	-1
block	12	11	13	planks	1	-1
block	12	11	14	stone_brick_stairs	0	-1
block	12	11	15	stone_brick_stairs	0	-1
block	12	11	16	stone_brick_stairs	0	-1
block	12	11	17	stone_brick_stairs	0	-1
block	12	11	18	stone_brick_stairs	0	-1
block	12	11	19	stone_brick_stairs	5	-1
block	12	11	20	stone_brick_stairs	7	-1
block	13	11	4	stone_brick_stairs	6	-1
block	13	11	5	stone_brick_stairs	4	-1
block	13	11	6	stone_brick_stairs	1	-1
block	13	11	7	stone_brick_stairs	1	-1
block	13	11	8	stone_brick_stairs	1	-1
block	13	11	9	stone_brick_stairs	1	-1
block	13	11	10	stone_brick_stairs	1	-1
block	13	11	11	planks	1	-1
block	13	11	13	planks	1	-1
block	13	11	14	stone_brick_stairs	1	-1
block	13	11	15	stone_brick_stairs	1	-1
block	13	11	16	stone_brick_stairs	1	-1
block	13	11	17	stone_brick_stairs	1	-1
block	13	11	18	stone_brick_stairs	1	-1
block	13	11	19	stone_brick_stairs	4	-1
block	13	11	20	stone_brick_stairs	7	-1
block	14	11	8	planks	1	-1
block	14	11	9	fence	0	-1
block	14	11	11	planks	1	-1
block	14	11	12	glass_pane	0	-1
block	14	11	13	planks	1	-1
block	14	11	15	fence	0	-1
block	14	11	16	planks	1	-1
block	15	11	7	planks	1	-1
block	15	11	9	planks	1	-1
block	15	11	10	fence	0	-1
block	15	11	14	fence	0	-1
block	15	11	15	planks	1	-1
block	15	11	17	planks	1	-1
block	16	11	6	planks	1	-1
block	16	11	9	planks	1	-1
block	16	11	15	planks	1	-1
block	16	11	17	planks	1	-1
block	17	11	6	fence	0	-1
block	17	11	7	planks	1	-1
block	17	11	8	planks	1	-1
block	17	11	15	planks	1	-1
block	17	11	17	planks	1	-1
block	17	11	18	fence	0	-1
block	18	11	7	fence	0	-1
block	18	11	16	planks	1	-1
block	18	11	17	fence	0	-1
block	6	12	17	fence	0	-1
block	7	12	7	planks	1	-1
block	7	12	8	planks	1	-1
block	7	12	16	fence	0	-1
block	7	12	17	planks	1	-1
block	7	12	18	fence	0	-1
block	8	12	6	planks	1	-1
block	8	12	9	planks	1	-1
block	8	12	15	fence	0	-1
block	8	12	16	planks	1	-1
block	8	12	18	planks	1	-1
block	8	12	19	fence	0	-1
block	9	12	6	fence	0	-1
block	9	12	7	planks	1	-1
block	9	12	9	planks	1	-1
block	9	12	15	planks	1	-1
block	9	12	18	planks	1	-1
block	10	12	7	planks	1	-1
block	10	12	8	planks	1	-1
block	10	12	9	fence	0	-1
block	10	12	10	stone_brick_stairs	2	-1
block	10	12	14	stone_brick_stairs	3	-1
block	10	12	15	fence	0	-1
block	10	12	16	planks	1	-1
block	10	12	17	planks	1	-1
block	10	12	18	fence	0	-1
block	11	12	8	fence	0	-1
block	11	12	10	stone_brick_stairs	2	-1
block	11	12	11	planks	1	-1
block	11	12	12	planks	1	-1
block	11	12	13	planks	1	-1
block	11	12	14	stone_brick_stairs	3	-1
block	11	12	16	fence	0	-1
block	12	12	4	stone_brick_stairs	3	-1
block	12	12	10	stone_brick_stairs	2	-1
block	12	12	11	planks	1	-1
block	12	12	13	planks	1	-1
block	12	12	14	stone_brick_stairs	3	-1
block	12	12	20	stone_brick_stairs	2	-1
block	13	12	4	stone_brick_stairs	3	-1
block	13	12	10	stone_brick_stairs	2	-1
block	13	12	11	planks	1	-1
block	13	12	13	planks	1	-1
block	13	12	14	stone_brick_stairs	3	-1
block	13	12	20	stone_brick_stairs	2	-1
block	14	12	8	fence	0	-1
block	14	12	10	stone_brick_stairs	2	-1
block	14	12	11	planks	1	-1
block	14	12	12	planks	1	-1
block	14	12	13	planks	1	-1
block	14	12	14	stone_brick_stairs	3	-1
block	14	12	16	fence	0	-1
block	15	12	6	fence	0	-1
block	15	12	7	planks	1	-1
block	15	12	8	planks	1	-1
block	15	12	9	fence	0	-1
block	15	12	10	stone_brick_stairs	2	-1
block	15	12	14	stone_brick_stairs	3	-1
block	15	12	15	fence	0	-1
block	15	12	16	planks	1	-1
block	15	12	17	planks	1	-1
block	16	12	6	planks	1	-1
block	16	12	9	planks	1	-1
block	16	12	15	planks	1	-1
block	16	12	17	planks	1	-1
block	16	12	18	fence	0	-1
block	17	12	5	fence	0	-1
block	17	12	6	planks	1	-1
block	17	12	8	planks	1	-1
block	17	12	9	fence	0	-1
block	17	12	15	planks	1	-1
block	17	12	18	planks	1	-1
block	18	12	6	fence	0	-1
block	18	12	7	planks	1	-1
block	18	12	8	fence	0	-1
block	18	12	16	planks	1	-1
block	18	12	17	planks	1	-1
block	19	12	7	fence	0	-1
block	4	13	18	fence	0	-1
block	5	13	17	fence	0	-1
block	5	13	18	planks	1	-1
block	5	13	19	fence	0	-1
block	6	13	16	planks	1	-1
block	6	13	17	planks	1	-1
block	6	13	18	planks	1	-1
block	6	13	19	planks	1	-1
block	6	13	20	planks	1	-1
block	7	13	7	planks	1	-1
block	7	13	8	planks	1	-1
block	7	13	15	fence	0	-1
block	7	13	16	planks	1	-1
block	7	13	17	planks	1	-1
block	7	13	18	planks	1	-1
block	7	13	19	planks	1	-1
block	7	13	20	planks	1	-1
block	7	13	21	fence	0	-1
block	8	13	6	planks	1	-1
block	8	13	9	planks	1	-1
block	8	13	14	fence	0	-1
block	8	13	15	planks	1	-1
block	8	13	18	planks	1	-1
block	8	13	19	planks	1	-1
block	8	13	20	planks	1	-1
block	8	13	21	planks	1	-1
block	8	13	22	fence	0	-1
block	9	13	6	planks	1	-1
block	9	13	8	planks	1	-1
block	9	13	9	planks	1	-1
block	9	13	15	planks	1	-1
block	9	13	18	planks	1	-1
block	9	13	19	planks	1	-1
block	9	13	20	planks	1	-1
block	9	13	21	fence	0	-1
block	10	13	7	planks	1	-1
block	10	13	8	planks	1	-1
block	10	13	9	fence	0	-1
block	10	13	11	stone_brick_stairs	2	-1
block	10	13	13	stone_brick_stairs	3	-1
block	10	13	15	fence	0	-1
block	10	13	16	planks	1	-1
block	10	13	17	planks	1	-1
block	10	13	18	planks	1	-1
block	10	13	19	planks	1	-1
block	10	13	20	planks	1	-1
block	11	13	11	stone_brick_stairs	2	-1
block	11	13	12	planks	1	-1
block	11	13	13	stone_brick_stairs	3	-1
block	11	13	16	fence	0	-1
block	11	13	17	fence	0	-1
block	11	13	18	planks	1	-1
block	11	13	19	fence	0	-1
block	12	13	11	stone_brick_stairs	2	-1
block	12	13	13	stone_brick_stairs	3	-1
block	13	13	6	fence	0	-1
block	13	13	11	stone_brick_stairs	2	-1
block	13	13	13	stone_brick_stairs	3	-1
block	14	13	5	fence	0	-1
block	14	13	6	planks	1	-1
block	14	13	7	fence	0	-1
block	14	13	8	fence	0	-1
block	14	13	11	stone_brick_stairs	2	-1
block	14	13	12	planks	1	-1
block	14	13	13	stone_brick_stairs	3	-1
block	15	13	4	planks	1	-1
block	15	13	5	planks	1	-1
block	15	13	6	planks	1	-1
block	15	13	7	planks	1	-1
block	15	13	8	planks	1	-1
block	15	13	9	fence	0	-1
block	15	13	11	stone_brick_stairs	2	-1
block	15	13	13	stone_brick_stairs	3	-1
block	15	13	15	fence	0	-1
block	15	13	16	planks	1	-1
block	15	13	17	planks	1	-1
block	16	13	3	fence	0	-1
block	16	13	4	planks	1	-1
block	16	13	5	planks	1	-1
block	16	13	6	planks	1	-1
block	16	13	9	planks	1	-1
block	16	13	15	planks	1	-1
block	16	13	16	planks	1	-1
block	16	13	18	planks	1	-1
block	17	13	3	planks	1	-1
block	17	13	4	planks	1	-1
block	17	13	5	planks	1	-1
block	17	13	6	planks	1	-1
block	17	13	9	planks	1	-1
block	17	13	10	fence	0	-1
block	17	13	15	planks	1	-1
block	17	13	18	planks	1	-1
block	18	13	3	fence	0	-1
block	18	13	4	planks	1	-1
block	18	13	5	planks	1	-1
block	18	13	6	planks	1	-1
block	18	13	7	planks	1	-1
block	18	13	8	planks	1	-1
block	18	13	9	fence	0	-1
block	18	13	16	planks	1	-1
block	18	13	17	planks	1	-1
block	19	13	4	planks	1	-1
block	19	13	5	planks	1	-1
block	19	13	6	planks	1	-1
block	19	13	7	planks	1	-1
block	19	13	8	planks	1	-1
block	20	13	5	fence	0	-1
block	20	13	6	planks	1	-1
block	20	13	7	fence	0	-1
block	21	13	6	fence	0	-1
block	4	14	17	planks	1	-1
block	4	14	18	planks	1	-1
block	4	14	19	planks	1	-1
block	5	14	16	planks	1	-1
block	5	14	17	planks	1	-1
block	5	14	18	planks	1	-1
block	5	14	19	planks	1	-1
block	5	14	20	planks	1	-1
block	6	14	15	planks	1	-1
block	6	14	18	planks	1	-1
block	6	14	19	planks	1	-1
block	6	14	20	planks	1	-1
block	6	14	21	planks	1	-1
block	7	14	7	planks	1	-1
block	7	14	8	planks	1	-1
block	7	14	14	planks	1	-1
block	7	14	15	planks	1	-1
block	7	14	21	planks	1	-1
block	7	14	22	planks	1	-1
block	8	14	6	planks	1	-1
block	8	14	8	planks	1	-1
block	8	14	9	planks	1	-1
block	8	14	14	planks	1	-1
block	8	14	22	planks	1	-1
block	9	14	6	planks	1	-1
block	9	14	9	planks	1	-1
block	9	14	12	stone_brick_stairs	0	-1
block	9	14	14	planks	1	-1
block	9	14	15	planks	1	-1
block	9	14	21	planks	1	-1
block	9	14	22	planks	1	-1
block	10	14	7	planks	1	-1
block	10	14	8	planks	1	-1
block	10	14	9	fence	0	-1
block	10	14	12	stonebrick	0	-1
block	10	14	15	planks	1	-1
block	10	14	21	planks	1	-1
block	11	14	12	stone_slab	5	-1
block	11	14	16	planks	1	-1
block	11	14	17	planks	1	-1
block	11	14	19	planks	1	-1
block	11	14	20	planks	1	-1
block	12	14	12	stone_slab	5	-1
block	12	14	17	planks	1	-1
block	12	14	18	planks	1	-1
block	12	14	19	planks	1	-1
block	13	14	5	planks	1	-1
block	13	14	6	planks	1	-1
block	13	14	7	planks	1	-1
block	13	14	12	stone_slab	5	-1
block	14	14	4	planks	1	-1
block	14	14	5	planks	1	-1
block	14	14	7	planks	1	-1
block	14	14	8	planks	1	-1
block	14	14	12	stone_slab	5	-1
block	15	14	3	planks	1	-1
block	15	14	9	planks	1	-1
block	15	14	12	stonebrick	0	-1
block	15	14	15	fence	0	-1
block	15	14	16	planks	1	-1
block	15	14	17	planks	1	-1
block	16	14	3	planks	1	-1
block	16	14	9	planks	1	-1
block	16	14	10	planks	1	-1
block	16	14	12	stone_brick_stairs	1	-1
block	16	14	15	planks	1	-1
block	16	14	18	planks	1	-1
block	17	14	10	planks	1	-1
block	17	14	15	planks	1	-1
block	17	14	16	planks	1	-1
block	17	14	18	planks	1	-1
block	18	14	3	planks	1	-1
block	18	14	9	planks	1	-1
block	18	14	10	planks	1	-1
block	18	14	16	planks	1	-1
block	18	14	17	planks	1	-1
block	19	14	3	planks	1	-1
block	19	14	4	planks	1	-1
block	19	14	5	planks	1	-1
block	19	14	6	planks	1	-1
block	19	14	9	planks	1	-1
block	20	14	4	planks	1	-1
block	20	14	5	planks	1	-1
block	20	14	6	planks	1	-1
block	20	14	7	planks	1	-1
block	20	14	8	planks	1	-1
block	21	14	5	planks	1	-1
block	21	14	6	planks	1	-1
block	21	14	7	planks	1	-1
block	4	15	17	glass_pane	0	-1
block	4	15	18	glass_pane	0	-1
block	4	15	19	glass_pane	0	-1
block	5	15	16	planks	1	-1
block	5	15	17	planks	1	-1
block	5	15	19	planks	1	-1
block	5	15	20	planks	1	-1
block	6	15	8	fence	0	-1
block	6	15	15	planks	1	-1
block	6	15	19	planks	1	-1
block	6	15	20	planks	1	-1
block	6	15	21	planks	1	-1
block	7	15	7	planks	1	-1
block	7	15	8	planks	1	-1
block	7	15	9	fence	0	-1
block	7	15	14	glass_pane	0	-1
block	7	15	15	planks	1	-1
block	7	15	21	planks	1	-1
block	7	15	22	glass_pane	0	-1
block	8	15	6	planks	1	-1
block	8	15	7	planks	1	-1
block	8	15	9	planks	1	-1
block	8	15	14	glass_pane	0	-1
block	8	15	22	glass_pane	0	-1
block	9	15	6	planks	1	-1
block	9	15	9	planks	1	-1
block	9	15	10	fence	0	-1
block	9	15	12	stone_brick_stairs	4	-1
block	9	15	14	glass_pane	0	-1
block	9	15	15	planks	1	-1
block	9	15	21	planks	1	-1
block	9	15	22	glass_pane	0	-1
block	10	15	7	planks	1	-1
block	10	15	8	planks	1	-1
block	10	15	9	fence	0	-1
block	10	15	15	planks	1	-1
block	10	15	21	planks	1	-1
block	11	15	16	planks	1	-1
block	11	15	17	planks	1	-1
block	11	15	19	planks	1	-1
block	11	15	20	planks	1	-1
block	12	15	17	glass_pane	0	-1
block	12	15	18	glass_pane	0	-1
block	12	15	19	glass_pane	0	-1
block	13	15	5	glass_pane	0	-1
block	13	15	6	glass_pane	0	-1
block	13	15	7	glass_pane	0	-1
block	14	15	4	planks	1	-1
block	14	15	5	planks	1	-1
block	14	15	7	planks	1	-1
block	14	15	8	planks	1	-1
block	15	15	3	planks	1	-1
block	15	15	9	planks	1	-1
block	15	15	15	fence	0	-1
block	15	15	16	planks	1	-1
block	15	15	17	planks	1	-1
block	16	15	3	planks	1	-1
block	16	15	9	planks	1	-1
block	16	15	10	glass_pane	0	-1
block	16	15	12	stone_brick_stairs	5	-1
block	16	15	14	fence	0	-1
block	16	15	15	planks	1	-1
block	16	15	18	planks	1	-1
block	17	15	10	glass_pane	0	-1
block	17	15	15	planks	1	-1
block	17	15	17	planks	1	-1
block	17	15	18	planks	1	-1
block	18	15	3	planks	1	-1
block	18	15	9	planks	1	-1
block	18	15	10	glass_pane	0	-1
block	18	15	15	fence	0	-1
block	18	15	16	planks	1	-1
block	18	15	17	planks	1	-1
block	19	15	3	planks	1	-1
block	19	15	4	planks	1	-1
block	19	15	5	planks	1	-1
block	19	15	9	planks	1	-1
block	19	15	16	fence	0	-1
block	20	15	4	planks	1	-1
block	20	15	5	planks	1	-1
block	20	15	7	planks	1	-1
block	20	15	8	planks	1	-1
block	21	15	5	glass_pane	0	-1
block	21	15	6	glass_pane	0	-1
block	21	15	7	glass_pane	0	-1
block	4	16	17	glass_pane	0	-1
block	4	16	18	glass_pane	0	-1
block	4	16	19	glass_pane	0	-1
block	5	16	8	fence	0	-1
block	5	16	16	planks	1	-1
block	5	16	17	planks	1	-1
block	5	16	19	planks	1	-1
block	5	16	20	planks	1	-1
block	6	16	7	fence	0	-1
block	6	16	8	planks	1	-1
block	6	16	9	fence	0	-1
block	6	16	15	planks	1	-1
block	6	16	20	planks	1	-1
block	6	16	21	planks	1	-1
block	7	16	6	fence	0	-1
block	7	16	7	planks	1	-1
block	7	16	9	planks	1	-1
block	7	16	14	glass_pane	0	-1
block	7	16	15	planks	1	-1
block	7	16	21	planks	1	-1
block	7	16	22	glass_pane	0	-1
block	8	16	6	planks	1	-1
block	8	16	7	planks	1	-1
block	8	16	9	planks	1	-1
block	8	16	10	fence	0	-1
block	8	16	14	glass_pane	0	-1
block	8	16	22	glass_pane	0	-1
block	9	16	6	planks	1	-1
block	9	16	7	planks	1	-1
block	9	16	10	planks	1	-1
block	9	16	14	glass_pane	0	-1
block	9	16	15	planks	1	-1
block	9	16	21	planks	1	-1
block	9	16	22	glass_pane	0	-1
block	10	16	7	planks	1	-1
block	10	16	8	planks	1	-1
block	10	16	9	planks	1	-1
block	10	16	15	planks	1	-1
block	10	16	21	planks	1	-1
block	11	16	16	planks	1	-1
block	11	16	17	planks	1	-1
block	11	16	19	planks	1	-1
block	11	16	20	planks	1	-1
block	12	16	17	glass_pane	0	-1
block	12	16	18	glass_pane	0	-1
block	12	16	19	glass_pane	0	-1
block	13	16	5	glass_pane	0	-1
block	13	16	6	glass_pane	0	-1
block	13	16	7	glass_pane	0	-1
block	14	16	4	planks	1	-1
block	14	16	5	planks	1	-1
block	14	16	7	planks	1	-1
block	14	16	8	planks	1	-1
block	15	16	3	planks	1	-1
block	15	16	9	planks	1	-1
block	15	16	15	planks	1	-1
block	15	16	16	planks	1	-1
block	15	16	17	planks	1	-1
block	16	16	3	planks	1	-1
block	16	16	9	planks	1	-1
block	16	16	10	glass_pane	0	-1
block	16	16	14	planks	1	-1
block	16	16	17	planks	1	-1
block	16	16	18	planks	1	-1
block	17	16	10	glass_pane	0	-1
block	17	16	14	fence	0	-1
block	17	16	15	planks	1	-1
block	17	16	17	planks	1	-1
block	17	16	18	planks	1	-1
block	18	16	3	planks	1	-1
block	18	16	9	planks	1	-1
block	18	16	10	glass_pane	0	-1
block	18	16	15	planks	1	-1
block	18	16	17	planks	1	-1
block	18	16	18	fence	0	-1
block	19	16	3	planks	1	-1
block	19	16	4	planks	1	-1
block	19	16	9	planks	1	-1
block	19	16	15	fence	0	-1
block	19	16	16	planks	1	-1
block	19	16	17	fence	0	-1
block	20	16	4	planks	1	-1
block	20	16	5	planks	1	-1
block	20	16	7	planks	1	-1
block	20	16	8	planks	1	-1
block	20	16	16	fence	0	-1
block	21	16	5	glass_pane	0	-1
block	21	16	6	glass_pane	0	-1
block	21	16	7	glass_pane	0	-1
block	3	17	8	fence	0	-1
block	4	17	7	fence	0	-1
block	4	17	8	planks	1	-1
block	4	17	9	fence	0	-1
block	4	17	14	stone_slab	5	-1
block	4	17	15	stone_brick_stairs	7	-1
block	4	17	17	stone_slab	5	-1
block	4	17	18	stone_brick_stairs	0	-1
block	4	17	19	stone_slab	5	-1
block	4	17	21	stone_brick_stairs	6	-1
block	4	17	22	stone_slab	5	-1
block	5	17	6	planks	1	-1
block	5	17	7	planks	1	-1
block	5	17	8	planks	1	-1
block	5	17	9	planks	1	-1
block	5	17	10	planks	1	-1
block	5	17	14	stone_brick_stairs	5	-1
block	5	17	15	fence	0	-1
block	5	17	16	planks	1	-1
block	5	17	17	planks	1	-1
block	5	17	18	planks	1	-1
block	5	17	19	planks	1	-1
block	5	17	20	planks	1	-1
block	5	17	21	fence	0	-1
block	5	17	22	stone_brick_stairs	5	-1
block	6	17	5	fence	0	-1
block	6	17	6	planks	1	-1
block	6	17	7	planks	1	-1
block	6	17	9	planks	1	-1
block	6	17	10	planks	1	-1
block	6	17	11	fence	0	-1
block	6	17	15	planks	1	-1
block	6	17	16	planks	1	-1
block	6	17	17	planks	1	-1
block	6	17	21	planks	1	-1
block	7	17	4	fence	0	-1
block	7	17	5	planks	1	-1
block	7	17	6	planks	1	-1
block	7	17	7	planks	1	-1
block	7	17	9	planks	1	-1
block	7	17	10	planks	1	-1
block	7	17	11	planks	1	-1
block	7	17	12	fence	0	-1
block	7	17	14	stone_slab	5	-1
block	7	17	15	planks	1	-1
block	7	17	16	planks	1	-1
block	7	17	17	planks	1	-1
block	7	17	18	planks	1	-1
block	7	17	19	planks	1	-1
block	7	17	20	planks	1	-1
block	7	17	21	planks	1	-1
block	7	17	22	stone_slab	5	-1
block	8	17	5	fence	0	-1
block	8	17	6	planks	1	-1
block	8	17	7	planks	1	-1
block	8	17	9	planks	1	-1
block	8	17	10	planks	1	-1
block	8	17	11	fence	0	-1
block	8	17	14	stone_brick_stairs	2	-1
block	8	17	15	planks	1	-1
block	8	17	16	planks	1	-1
block	8	17	17	planks	1	-1
block	8	17	18	planks	1	-1
block	8	17	19	planks	1	-1
block	8	17	20	planks	1	-1
block	8	17	21	planks	1	-1
block	8	17	22	stone_brick_stairs	3	-1
block	9	17	6	planks	1	-1
block	9	17	7	planks	1	-1
block	9	17	9	planks	1	-1
block	9	17	10	planks	1	-1
block	9	17	14	stone_slab	5	-1
block	9	17	15	planks	1	-1
block	9	17	16	planks	1	-1
block	9	17	17	planks	1	-1
block	9	17	18	planks	1	-1
block	9	17	19	planks	1	-1
block	9	17	20	planks	1	-1
block	9	17	21	planks	1	-1
block	9	17	22	stone_slab	5	-1
block	10	17	6	fence	0	-1
block	10	17	7	planks	1	-1
block	10	17	8	planks	1	-1
block	10	17	9	planks	1	-1
block	10	17	10	fence	0	-1
block	10	17	15	planks	1	-1
block	10	17	16	planks	1	-1
block	10	17	17	planks	1	-1
block	10	17	18	planks	1	-1
block	10	17	19	planks	1	-1
block	10	17	20	planks	1	-1
block	10	17	21	planks	1	-1
block	11	17	8	fence	0	-1
block	11	17	14	stone_brick_stairs	4	-1
block	11	17	15	fence	0	-1
block	11	17	16	planks	1	-1
block	11	17	17	planks	1	-1
block	11	17	18	planks	1	-1
block	11	17	19	planks	1	-1
block	11	17	20	planks	1	-1
block	11	17	21	fence	0	-1
block	11	17	22	stone_brick_stairs	4	-1
block	12	17	14	stone_slab	5	-1
block	12	17	15	stone_brick_stairs	7	-1
block	12	17	17	stone_slab	5	-1
block	12	17	18	stone_brick_stairs	1	-1
block	12	17	19	stone_slab	5	-1
block	12	17	21	stone_brick_stairs	6	-1
block	12	17	22	stone_slab	5	-1
block	13	17	3	stone_brick_stairs	7	-1
block	13	17	5	stone_slab	5	-1
block	13	17	6	stone_brick_stairs	0	-1
block	13	17	7	stone_slab	5	-1
block	13	17	9	stone_brick_stairs	6	-1
block	13	17	10	stone_slab	5	-1
block	14	17	3	fence	0	-1
block	14	17	4	planks	1	-1
block	14	17	5	planks	1	-1
block	14	17	6	planks	1	-1
block	14	17	7	planks	1	-1
block	14	17	8	planks	1	-1
block	14	17	9	fence	0	-1
block	14	17	10	stone_brick_stairs	5	-1
block	14	17	16	fence	0	-1
block	15	17	3	planks	1	-1
block	15	17	4	planks	1	-1
block	15	17	5	planks	1	-1
block	15	17	6	planks	1	-1
block	15	17	7	planks	1	-1
block	15	17	8	planks	1	-1
block	15	17	9	planks	1	-1
block	15	17	14	fence	0	-1
block	15	17	15	planks	1	-1
block	15	17	16	planks	1	-1
block	15	17	17	planks	1	-1
block	15	17	18	fence	0	-1
block	16	17	3	planks	1	-1
block	16	17	4	planks	1	-1
block	16	17	5	planks	1	-1
block	16	17	6	planks	1	-1
block	16	17	7	planks	1	-1
block	16	17	8	planks	1	-1
block	16	17	9	planks	1	-1
block	16	17	10	stone_slab	5	-1
block	16	17	14	planks	1	-1
block	16	17	15	planks	1	-1
block	16	17	17	planks	1	-1
block	16	17	18	planks	1	-1
block	17	17	3	planks	1	-1
block	17	17	4	planks	1	-1
block	17	17	5	planks	1	-1
block	17	17	6	planks	1	-1
block	17	17	7	planks	1	-1
block	17	17	8	planks	1	-1
block	17	17	9	planks	1	-1
block	17	17	10	stone_brick_stairs	3	-1
block	17	17	13	fence	0	-1
block	17	17	14	planks	1	-1
block	17	17	15	planks	1	-1
block	17	17	17	planks	1	-1
block	17	17	18	planks	1	-1
block	17	17	19	fence	0	-1
block	18	17	3	planks	1	-1
block	18	17	4	planks	1	-1
block	18	17	5	planks	1	-1
block	18	17	6	planks	1	-1
block	18	17	7	planks	1	-1
block	18	17	8	planks	1	-1
block	18	17	9	planks	1	-1
block	18	17	10	stone_slab	5	-1
block	18	17	12	fence	0	-1
block	18	17	13	planks	1	-1
block	18	17	14	planks	1	-1
block	18	17	15	planks	1	-1
block	18	17	17	planks	1	-1
block	18	17	18	planks	1	-1
block	18	17	19	planks	1	-1
block	18	17	20	fence	0	-1
block	19	17	3	planks	1	-1
block	19	17	7	planks	1	-1
block	19	17	8	planks	1	-1
block	19	17	9	planks	1	-1
block	19	17	13	fence	0	-1
block	19	17	14	planks	1	-1
block	19	17	15	planks	1	-1
block	19	17	17	planks	1	-1
block	19	17	18	planks	1	-1
block	19	17	19	fence	0	-1
block	20	17	3	fence	0	-1
block	20	17	4	planks	1	-1
block	20	17	5	planks	1	-1
block	20	17	6	planks	1	-1
block	20	17	7	planks	1	-1
block	20	17	8	planks	1	-1
block	20	17	9	fence	0	-1
block	20	17	10	stone_brick_stairs	4	-1
block	20	17	14	planks	1	-1
block	20	17	15	planks	1	-1
block	20	17	16	planks	1	-1
block	20	17	17	planks	1	-1
block	20	17	18	planks	1	-1
block	21	17	3	stone_brick_stairs	7	-1
block	21	17	5	stone_slab	5	-1
block	21	17	6	stone_brick_stairs	1	-1
block	21	17	7	stone_slab	5	-1
block	21	17	9	stone_brick_stairs	6	-1
block	21	17	10	stone_slab	5	-1
block	21	17	15	fence	0	-1
block	21	17	16	planks	1	-1
block	21	17	17	fence	0	-1
block	22	17	16	fence	0	-1
block	3	18	7	planks	1	-1
block	3	18	8	planks	1	-1
block	3	18	9	planks	1	-1
block	4	18	6	planks	1	-1
block	4	18	7	planks	1	-1
block	4	18	9	planks	1	-1
block	4	18	10	planks	1	-1
block	4	18	15	stone_brick_stairs	0	-1
block	4	18	16	stone_brick_stairs	0	-1
block	4	18	17	stone_brick_stairs	0	-1
block	4	18	18	stone_brick_stairs	0	-1
block	4	18	19	stone_brick_stairs	0	-1
block	4	18	20	stone_brick_stairs	0	-1
block	4	18	21	stone_brick_stairs	0	-1
block	5	18	5	planks	1	-1
block	5	18	11	planks	1	-1
block	5	18	14	stone_brick_stairs	2	-1
block	5	18	15	planks	1	-1
block	5	18	16	planks	1	-1
block	5	18	17	planks	1	-1
block	5	18	18	planks	1	-1
block	5	18	19	planks	1	-1
block	5	18	20	planks	1	-1
block	5	18	21	planks	1	-1
block	5	18	22	stone_brick_stairs	3	-1
block	6	18	4	planks	1	-1
block	6	18	5	planks	1	-1
block	6	18	11	planks	1	-1
block	6	18	12	planks	1	-1
block	6	18	14	stone_brick_stairs	2	-1
block	6	18	15	planks	1	-1
block	6	18	21	planks	1	-1
block	6	18	22	stone_brick_stairs	3	-1
block	7	18	4	planks	1	-1
block	7	18	7	planks	1	-1
block	7	18	12	planks	1	-1
block	7	18	14	stone_brick_stairs	2	-1
block	7	18	15	planks	1	-1
block	7	18	21	planks	1	-1
block	7	18	22	stone_brick_stairs	3	-1
block	8	18	4	planks	1	-1
block	8	18	5	planks	1	-1
block	8	18	7	planks	1	-1
block	8	18	11	planks	1	-1
block	8	18	12	planks	1	-1
block	8	18	14	stone_brick_stairs	2	-1
block	8	18	15	planks	1	-1
block	8	18	21	planks	1	-1
block	8	18	22	stone_brick_stairs	3	-1
block	9	18	5	planks	1	-1
block	9	18	7	planks	1	-1
block	9	18	11	planks	1	-1
block	9	18	14	stone_brick_stairs	2	-1
block	9	18	15	planks	1	-1
block	9	18	21	planks	1	-1
block	9	18	22	stone_brick_stairs	3	-1
block	10	18	6	planks	1	-1
block	10	18	7	planks	1	-1
block	10	18	9	planks	1	-1
block	10	18	10	planks	1	-1
block	10	18	14	stone_brick_stairs	2	-1
block	10	18	15	planks	1	-1
block	10	18	16	brewing_stand	0	-1
block	10	18	21	planks	1	-1
block	10	18	22	stone_brick_stairs	3	-1
block	11	18	7	planks	1	-1
block	11	18	8	planks	1	-1
block	11	18	9	planks	1	-1
block	11	18	14	stone_brick_stairs	2	-1
block	11	18	15	planks	1	-1
block	11	18	16	planks	1	-1
block	11	18	17	planks	1	-1
block	11	18	18	planks	1	-1
block	11	18	19	planks	1	-1
block	11	18	20	planks	1	-1
block	11	18	21	planks	1	-1
block	11	18	22	stone_brick_stairs	3	-1
block	12	18	15	stone_brick_stairs	1	-1
block	12	18	16	stone_brick_stairs	1	-1
block	12	18	17	stone_brick_stairs	1	-1
block	12	18	18	stone_brick_stairs	1	-1
block	12	18	19	stone_brick_stairs	1	-1
block	12	18	20	stone_brick_stairs	1	-1
block	12	18	21	stone_brick_stairs	1	-1
block	13	18	3	stone_brick_stairs	0	-1
block	13	18	4	stone_brick_stairs	0	-1
block	13	18	5	stone_brick_stairs	0	-1
block	13	18	6	stone_brick_stairs	0	-1
block	13	18	7	stone_brick_stairs	0	-1
block	13	18	8	stone_brick_stairs	0	-1
block	13	18	9	stone_brick_stairs	0	-1
block	14	18	3	planks	1	-1
block	14	18	4	planks	1	-1
block	14	18	5	planks	1	-1
block	14	18	6	planks	1	-1
block	14	18	7	planks	1	-1
block	14	18	8	planks	1	-1
block	14	18	9	planks	1	-1
block	14	18	10	stone_brick_stairs	3	-1
block	14	18	15	planks	1	-1
block	14	18	16	planks	1	-1
block	14	18	17	planks	1	-1
block	15	18	3	planks	1	-1
block	15	18	9	planks	1	-1
block	15	18	10	stone_brick_stairs	3	-1
block	15	18	14	planks	1	-1
block	15	18	15	planks	1	-1
block	15	18	17	planks	1	-1
block	15	18	18	planks	1	-1
block	16	18	3	planks	1	-1
block	16	18	9	planks	1	-1
block	16	18	10	stone_brick_stairs	1	-1
block	16	18	13	planks	1	-1
block	16	18	15	planks	1	-1
block	16	18	19	planks	1	-1
block	17	18	3	planks	1	-1
spawner	17	18	6	witch_spawner	0	-1
block	17	18	9	planks	1	-1
block	17	18	10	stone_brick_stairs	3	-1
block	17	18	12	planks	1	-1
block	17	18	13	planks	1	-1
block	17	18	15	planks	1	-1
block	17	18	19	planks	1	-1
block	17	18	20	planks	1	-1
block	18	18	3	planks	1	-1
block	18	18	9	planks	1	-1
block	18	18	10	stone_brick_stairs	3	-1
block	18	18	12	planks	1	-1
block	18	18	15	planks	1	-1
block	18	18	20	planks	1	-1
block	19	18	3	planks	1	-1
block	19	18	9	planks	1	-1
block	19	18	10	stone_brick_stairs	3	-1
block	19	18	12	planks	1	-1
block	19	18	13	planks	1	-1
block	19	18	19	planks	1	-1
block	19	18	20	planks	1	-1
block	20	18	3	planks	1	-1
block	20	18	4	planks	1	-1
block	20	18	5	planks	1	-1
block	20	18	6	planks	1	-1
block	20	18	7	planks	1	-1
block	20	18	8	planks	1	-1
block	20	18	9	planks	1	-1
block	20	18	10	stone_brick_stairs	3	-1
block	20	18	13	planks	1	-1
block	20	18	19	planks	1	-1
block	21	18	3	stone_brick_stairs	1	-1
block	21	18	4	stone_brick_stairs	1	-1
block	21	18	5	stone_brick_stairs	1	-1
block	21	18	6	stone_brick_stairs	1	-1
block	21	18	7	stone_brick_stairs	1	-1
block	21	18	8	stone_brick_stairs	1	-1
block	21	18	9	stone_brick_stairs	1	-1
block	21	18	14	planks	1	-1
block	21	18	15	planks	1	-1
block	21	18	17	planks	1	-1
block	21	18	18	planks	1	-1
block	22	18	15	planks	1	-1
block	22	18	16	planks	1	-1
block	22	18	17	planks	1	-1
block	3	19	7	glass_pane	0	-1
block	3	19	8	glass_pane	0	-1
block	3	19	9	glass_pane	0	-1
block	4	19	6	planks	1	-1
block	4	19	7	planks	1	-1
block	4	19	9	planks	1	-1
block	4	19	10	planks	1	-1
block	5	19	5	planks	1	-1
block	5	19	11	planks	1	-1
block	5	19	15	stone_slab	5	-1
block	5	19	16	stone_brick_stairs	0	-1
block	5	19	17	planks	1	-1
block	5	19	18	fence	0	-1
block	5	19	19	planks	1	-1
block	5	19	20	stone_brick_stairs	0	-1
block	5	19	21	stone_slab	5	-1
block	6	19	4	glass_pane	0	-1
block	6	19	5	planks	1	-1
block	6	19	11	planks	1	-1
block	6	19	12	glass_pane	0	-1
block	6	19	15	stone_brick_stairs	2	-1
block	6	19	21	stone_brick_stairs	3	-1
block	7	19	4	glass_pane	0	-1
block	7	19	12	glass_pane	0	-1
block	7	19	15	planks	1	-1
block	7	19	16	web	0	-1
block	7	19	21	planks	1	-1
block	8	19	4	glass_pane	0	-1
block	8	19	5	planks	1	-1
block	8	19	7	planks	1	-1
block	8	19	11	planks	1	-1
block	8	19	12	glass_pane	0	-1
block	8	19	15	fence	0	-1
block	8	19	21	fence	0	-1
block	9	19	5	planks	1	-1
block	9	19	7	planks	1	-1
block	9	19	11	planks	1	-1
block	9	19	15	planks	1	-1
block	9	19	21	planks	1	-1
block	10	19	6	planks	1	-1
block	10	19	7	planks	1	-1
block	10	19	9	planks	1	-1
block	10	19	10	planks	1	-1
block	10	19	15	stone_brick_stairs	2	-1
block	10	19	21	stone_brick_stairs	3	-1
block	11	19	7	glass_pane	0	-1
block	11	19	8	glass_pane	0	-1
block	11	19	9	glass_pane	0	-1
block	11	19	15	stone_slab	5	-1
block	11	19	16	stone_brick_stairs	1	-1
block	11	19	17	planks	1	-1
block	11	19	18	fence	0	-1
block	11	19	19	planks	1	-1
block	11	19	20	stone_brick_stairs	1	-1
block	11	19	21	stone_slab	5	-1
block	14	19	3	stone_slab	5	-1
block	14	19	4	stone_brick_stairs	0	-1
block	14	19	5	planks	1	-1
block	14	19	6	fence	0	-1
block	14	19	7	planks	1	-1
block	14	19	8	stone_brick_stairs	0	-1
block	14	19	9	stone_slab	5	-1
block	14	19	15	glass_pane	0	-1
block	14	19	16	glass_pane	0	-1
block	14	19	17	glass_pane	0	-1
block	15	19	3	stone_brick_stairs	2	-1
block	15	19	5	web	0	-1
block	15	19	9	stone_brick_stairs	3	-1
block	15	19	14	planks	1	-1
block	15	19	15	planks	1	-1
block	15	19	17	planks	1	-1
block	15	19	18	planks	1	-1
block	16	19	3	planks	1	-1
block	16	19	9	planks	1	-1
block	16	19	13	planks	1	-1
block	16	19	15	planks	1	-1
block	16	19	19	planks	1	-1
block	17	19	3	fence	0	-1
block	17	19	9	fence	0	-1
block	17	19	12	glass_pane	0	-1
block	17	19	13	planks	1	-1
block	17	19	15	planks	1	-1
block	17	19	19	planks	1	-1
block	17	19	20	glass_pane	0	-1
block	18	19	3	planks	1	-1
block	18	19	9	planks	1	-1
block	18	19	12	glass_pane	0	-1
block	18	19	20	glass_pane	0	-1
block	19	19	3	stone_brick_stairs	2	-1
block	19	19	9	stone_brick_stairs	3	-1
block	19	19	12	glass_pane	0	-1
block	19	19	13	planks	1	-1
block	19	19	19	planks	1	-1
block	19	19	20	glass_pane	0	-1
block	20	19	3	stone_slab	5	-1
block	20	19	4	stone_brick_stairs	1	-1
block	20	19	5	planks	1	-1
block	20	19	6	fence	0	-1
block	20	19	7	planks	1	-1
block	20	19	8	stone_brick_stairs	1	-1
block	20	19	9	stone_slab	5	-1
block	20	19	13	planks	1	-1
block	20	19	19	planks	1	-1
block	21	19	14	planks	1	-1
block	21	19	15	planks	1	-1
block	21	19	17	planks	1	-1
block	21	19	18	planks	1	-1
block	22	19	15	glass_pane	0	-1
block	22	19	16	glass_pane	0	-1
block	22	19	17	glass_pane	0	-1
block	3	20	4	stone_brick_stairs	7	-1
block	3	20	7	glass_pane	0	-1
block	3	20	8	glass_pane	0	-1
block	3	20	9	glass_pane	0	-1
block	3	20	12	stone_brick_stairs	6	-1
block	4	20	5	fence	0	-1
block	4	20	6	planks	1	-1
block	4	20	7	planks	1	-1
block	4	20	9	planks	1	-1
block	4	20	10	planks	1	-1
block	4	20	11	fence	0	-1
block	4	20	17	stone_brick_stairs	2	-1
block	4	20	19	stone_brick_stairs	3	-1
block	5	20	4	stone_brick_stairs	5	-1
block	5	20	5	planks	1	-1
block	5	20	11	planks	1	-1
block	5	20	12	stone_brick_stairs	5	-1
block	5	20	17	stone_brick_stairs	2	-1
block	5	20	18	fence	0	-1
block	5	20	19	stone_brick_stairs	3	-1
block	6	20	4	glass_pane	0	-1
block	6	20	5	planks	1	-1
block	6	20	11	planks	1	-1
block	6	20	12	glass_pane	0	-1
block	6	20	16	stone_slab	5	-1
block	6	20	17	stonebrick	0	-1
block	6	20	19	stonebrick	0	-1
block	6	20	20	stone_slab	5	-1
block	7	20	4	glass_pane	0	-1
block	7	20	12	glass_pane	0	-1
block	7	20	14	stone_brick_stairs	0	-1
block	7	20	15	stone_brick_stairs	0	-1
block	7	20	16	stonebrick	0	-1
block	7	20	20	stonebrick	0	-1
block	7	20	21	stone_brick_stairs	0	-1
block	7	20	22	stone_brick_stairs	0	-1
block	8	20	4	glass_pane	0	-1
block	8	20	5	planks	1	-1
block	8	20	11	planks	1	-1
block	8	20	12	glass_pane	0	-1
block	8	20	15	fence	0	-1
block	8	20	21	fence	0	-1
block	9	20	4	stone_brick_stairs	4	-1
block	9	20	5	planks	1	-1
block	9	20	7	planks	1	-1
block	9	20	11	planks	1	-1
block	9	20	12	stone_brick_stairs	4	-1
block	9	20	14	stone_brick_stairs	1	-1
block	9	20	15	stone_brick_stairs	1	-1
block	9	20	16	stonebrick	0	-1
block	9	20	20	stonebrick	0	-1
block	9	20	21	stone_brick_stairs	1	-1
block	9	20	22	stone_brick_stairs	1	-1
block	10	20	5	fence	0	-1
block	10	20	6	planks	1	-1
block	10	20	7	planks	1	-1
block	10	20	9	planks	1	-1
block	10	20	10	planks	1	-1
block	10	20	11	fence	0	-1
block	10	20	16	stone_slab	5	-1
block	10	20	17	stonebrick	0	-1
block	10	20	19	stonebrick	0	-1
block	10	20	20	stone_slab	5	-1
block	11	20	4	stone_brick_stairs	7	-1
block	11	20	7	glass_pane	0	-1
block	11	20	8	glass_pane	0	-1
block	11	20	9	glass_pane	0	-1
block	11	20	12	stone_brick_stairs	6	-1
block	11	20	17	stone_brick_stairs	2	-1
block	11	20	18	fence	0	-1
block	11	20	19	stone_brick_stairs	3	-1
block	12	20	17	stone_brick_stairs	2	-1
block	12	20	19	stone_brick_stairs	3	-1
block	13	20	5	stone_brick_stairs	2	-1
block	13	20	7	stone_brick_stairs	3	-1
block	14	20	5	stone_brick_stairs	2	-1
block	14	20	6	fence	0	-1
block	14	20	7	stone_brick_stairs	3	-1
block	14	20	12	stone_brick_stairs	7	-1
block	14	20	15	glass_pane	0	-1
block	14	20	16	glass_pane	0	-1
block	14	20	17	glass_pane	0	-1
block	14	20	20	stone_brick_stairs	6	-1
block	15	20	4	stone_slab	5	-1
block	15	20	5	stonebrick	0	-1
block	15	20	7	stonebrick	0	-1
block	15	20	8	stone_slab	5	-1
block	15	20	13	fence	0	-1
block	15	20	14	planks	1	-1
block	15	20	15	planks	1	-1
block	15	20	17	planks	1	-1
block	15	20	18	planks	1	-1
block	15	20	19	fence	0	-1
block	16	20	3	stone_brick_stairs	0	-1
block	16	20	4	stonebrick	0	-1
block	16	20	8	stonebrick	0	-1
block	16	20	9	stone_brick_stairs	0	-1
block	16	20	10	stone_brick_stairs	0	-1
block	16	20	12	stone_brick_stairs	5	-1
block	16	20	13	planks	1	-1
block	16	20	15	planks	1	-1
block	16	20	19	planks	1	-1
block	16	20	20	stone_brick_stairs	5	-1
block	17	20	3	fence	0	-1
block	17	20	9	fence	0	-1
block	17	20	12	glass_pane	0	-1
block	17	20	13	planks	1	-1
block	17	20	19	planks	1	-1
block	17	20	20	glass_pane	0	-1
block	18	20	3	stone_brick_stairs	1	-1
block	18	20	4	stonebrick	0	-1
block	18	20	8	stonebrick	0	-1
block	18	20	9	stone_brick_stairs	1	-1
block	18	20	10	stone_brick_stairs	1	-1
block	18	20	12	glass_pane	0	-1
block	18	20	20	glass_pane	0	-1
block	19	20	4	stone_slab	5	-1
block	19	20	5	stonebrick	0	-1
block	19	20	7	stonebrick	0	-1
block	19	20	8	stone_slab	5	-1
block	19	20	12	glass_pane	0	-1
block	19	20	13	planks	1	-1
block	19	20	19	planks	1	-1
block	19	20	20	glass_pane	0	-1
block	20	20	5	stone_brick_stairs	2	-1
block	20	20	6	fence	0	-1
block	20	20	7	stone_brick_stairs	3	-1
block	20	20	12	stone_brick_stairs	4	-1
block	20	20	13	planks	1	-1
block	20	20	19	planks	1	-1
block	20	20	20	stone_brick_stairs	4	-1
block	21	20	5	stone_brick_stairs	2	-1
block	21	20	7	stone_brick_stairs	3	-1
block	21	20	13	fence	0	-1
block	21	20	14	planks	1	-1
block	21	20	15	planks	1	-1
block	21	20	17	planks	1	-1
block	21	20	18	planks	1	-1
block	21	20	19	fence	0	-1
block	22	20	12	stone_brick_stairs	7	-1
block	22	20	15	glass_pane	0	-1
block	22	20	16	glass_pane	0	-1
block	22	20	17	glass_pane	0	-1
block	22	20	20	stone_brick_stairs	6	-1
block	3	21	4	stone_brick_stairs	2	-1
block	3	21	7	stone_slab	5	-1
block	3	21	8	stone_brick_stairs	1	-1
block	3	21	9	stone_slab	5	-1
block	3	21	12	stone_brick_stairs	3	-1
block	4	21	4	stone_brick_stairs	2	-1
block	4	21	5	planks	1	-1
block	4	21	6	planks	1	-1
block	4	21	7	planks	1	-1
block	4	21	8	planks	1	-1
block	4	21	9	planks	1	-1
block	4	21	10	planks	1	-1
block	4	21	11	planks	1	-1
block	4	21	12	stone_brick_stairs	3	-1
block	4	21	18	stone_slab	5	-1
block	5	21	4	stone_brick_stairs	2	-1
block	5	21	5	planks	1	-1
block	5	21	6	planks	1	-1
block	5	21	7	planks	1	-1
block	5	21	8	planks	1	-1
block	5	21	9	planks	1	-1
block	5	21	10	planks	1	-1
block	5	21	11	planks	1	-1
block	5	21	12	stone_brick_stairs	3	-1
block	5	21	18	stone_slab	5	-1
block	6	21	4	stone_brick_stairs	2	-1
block	6	21	5	planks	1	-1
block	6	21	6	planks	1	-1
block	6	21	7	planks	1	-1
block	6	21	8	planks	1	-1
block	6	21	9	planks	1	-1
block	6	21	10	planks	1	-1
block	6	21	11	planks	1	-1
block	6	21	12	stone_brick_stairs	3	-1
block	6	21	18	stonebrick	0	-1
block	7	21	4	stonebrick	0	-1
block	7	21	5	planks	1	-1
block	7	21	6	planks	1	-1
block	7	21	8	planks	1	-1
block	7	21	9	planks	1	-1
block	7	21	10	planks	1	-1
block	7	21	11	planks	1	-1
block	7	21	12	stonebrick	0	-1
block	7	21	17	stone_slab	5	-1
block	7	21	18	stonebrick	0	-1
block	7	21	19	stone_slab	5	-1
block	8	21	4	stone_brick_stairs	2	-1
block	8	21	5	planks	1	-1
block	8	21	6	planks	1	-1
block	8	21	8	planks	1	-1
block	8	21	9	planks	1	-1
block	8	21	10	planks	1	-1
block	8	21	11	planks	1	-1
block	8	21	12	stone_brick_stairs	3	-1
block	8	21	14	stone_slab	5	-1
block	8	21	15	stone_slab	5	-1
block	8	21	16	stonebrick	0	-1
block	8	21	17	stonebrick	0	-1
block	8	21	18	planks	1	-1
block	8	21	19	stonebrick	0	-1
block	8	21	20	stonebrick	0	-1
block	8	21	21	stone_slab	5	-1
block	8	21	22	stone_slab	5	-1
block	9	21	4	stone_brick_stairs	2	-1
block	9	21	5	planks	1	-1
block	9	21	6	planks	1	-1
block	9	21	8	planks	1	-1
block	9	21	9	planks	1	-1
block	9	21	10	planks	1	-1
block	9	21	11	planks	1	-1
block	9	21	12	stone_brick_stairs	3	-1
block	9	21	17	stone_slab	5	-1
block	9	21	18	stonebrick	0	-1
block	9	21	19	stone_slab	5	-1
block	10	21	4	stone_brick_stairs	2	-1
block	10	21	5	planks	1	-1
block	10	21	6	planks	1	-1
block	10	21	7	planks	1	-1
block	10	21	8	planks	1	-1
block	10	21	9	planks	1	-1
block	10	21	10	planks	1	-1
block	10	21	11	planks	1	-1
block	10	21	12	stone_brick_stairs	3	-1
block	10	21	18	stonebrick	0	-1
block	11	21	4	stone_brick_stairs	2	-1
block	11	21	7	stone_slab	5	-1
block	11	21	8	stone_brick_stairs	0	-1
block	11	21	9	stone_slab	5	-1
block	11	21	12	stone_brick_stairs	3	-1
block	11	21	18	stone_slab	5	-1
block	12	21	18	stone_slab	5	-1
block	13	21	6	stone_slab	5	-1
block	14	21	6	stone_slab	5	-1
block	14	21	12	stone_brick_stairs	2	-1
block	14	21	15	stone_slab	5	-1
block	14	21	16	stone_brick_stairs	1	-1
block	14	21	17	stone_slab	5	-1
block	14	21	20	stone_brick_stairs	3	-1
block	15	21	6	stonebrick	0	-1
block	15	21	12	stone_brick_stairs	2	-1
block	15	21	13	planks	1	-1
block	15	21	14	planks	1	-1
block	15	21	15	planks	1	-1
block	15	21	16	planks	1	-1
block	15	21	17	planks	1	-1
block	15	21	18	planks	1	-1
block	15	21	19	planks	1	-1
block	15	21	20	stone_brick_stairs	3	-1
block	16	21	5	stone_slab	5	-1
block	16	21	6	stonebrick	0	-1
block	16	21	7	stone_slab	5	-1
block	16	21	12	stone_brick_stairs	2	-1
block	16	21	13	planks	1	-1
block	16	21	14	planks	1	-1
block	16	21	16	planks	1	-1
block	16	21	17	planks	1	-1
block	16	21	18	planks	1	-1
block	16	21	19	planks	1	-1
block	16	21	20	stone_brick_stairs	3	-1
block	17	21	3	stone_slab	5	-1
block	17	21	4	stonebrick	0	-1
block	17	21	5	stonebrick	0	-1
block	17	21	6	planks	1	-1
block	17	21	7	stonebrick	0	-1
block	17	21	8	stonebrick	0	-1
block	17	21	9	stone_slab	5	-1
block	17	21	10	stone_slab	5	-1
block	17	21	12	stone_brick_stairs	2	-1
block	17	21	13	planks	1	-1
block	17	21	14	planks	1	-1
block	17	21	16	planks	1	-1
block	17	21	17	planks	1	-1
block	17	21	18	planks	1	-1
block	17	21	19	planks	1	-1
block	17	21	20	stone_brick_stairs	3	-1
block	18	21	5	stone_slab	5	-1
block	18	21	6	stonebrick	0	-1
block	18	21	7	stone_slab	5	-1
block	18	21	12	stonebrick	0	-1
block	18	21	13	planks	1	-1
block	18	21	14	planks	1	-1
block	18	21	16	planks	1	-1
block	18	21	17	planks	1	-1
block	18	21	18	planks	1	-1
block	18	21	19	planks	1	-1
block	18	21	20	stonebrick	0	-1
block	19	21	6	stonebrick	0	-1
block	19	21	12	stone_brick_stairs	2	-1
block	19	21	13	planks	1	-1
block	19	21	14	planks	1	-1
block	19	21	15	planks	1	-1
block	19	21	16	planks	1	-1
block	19	21	17	planks	1	-1
block	19	21	18	planks	1	-1
block	19	21	19	planks	1	-1
block	19	21	20	stone_brick_stairs	3	-1
block	20	21	6	stone_slab	5	-1
block	20	21	12	stone_brick_stairs	2	-1
block	20	21	13	planks	1	-1
block	20	21	14	planks	1	-1
block	20	21	15	planks	1	-1
block	20	21	16	planks	1	-1
block	20	21	17	planks	1	-1
block	20	21	18	planks	1	-1
block	20	21	19	planks	1	-1
block	20	21	20	stone_brick_stairs	3	-1
block	21	21	6	stone_slab	5	-1
block	21	21	12	stone_brick_stairs	2	-1
block	21	21	13	planks	1	-1
block	21	21	14	planks	1	-1
block	21	21	15	planks	1	-1
block	21	21	16	planks	1	-1
block	21	21	17	planks	1	-1
block	21	21	18	planks	1	-1
block	21	21	19	planks	1	-1
block	21	21	20	stone_brick_stairs	3	-1
block	22	21	12	stone_brick_stairs	2	-1
block	22	21	15	stone_slab	5	-1
block	22	21	16	stone_brick_stairs	0	-1
block	22	21	17	stone_slab	5	-1
block	22	21	20	stone_brick_stairs	3	-1
block	3	22	5	stone_brick_stairs	2	-1
block	3	22	11	stone_brick_stairs	3	-1
block	4	22	5	stone_brick_stairs	2	-1
block	4	22	6	planks	1	-1
block	4	22	7	planks	1	-1
block	4	22	8	planks	1	-1
block	4	22	9	planks	1	-1
block	4	22	10	planks	1	-1
block	4	22	11	stone_brick_stairs	3	-1
block	5	22	5	stone_brick_stairs	2	-1
block	5	22	6	planks	1	-1
block	5	22	9	enchanting_table	0	-1
block	5	22	10	planks	1	-1
block	5	22	11	stone_brick_stairs	3	-1
block	6	22	5	stone_brick_stairs	2	-1
block	6	22	6	planks	1	-1
block	6	22	10	planks	1	-1
block	6	22	11	stone_brick_stairs	3	-1
block	7	22	5	stone_slab	5	-1
block	7	22	6	planks	1	-1
block	7	22	10	planks	1	-1
block	7	22	11	stone_slab	5	-1
block	7	22	18	stone_brick_stairs	0	-1
block	8	22	5	stone_brick_stairs	2	-1
block	8	22	6	planks	1	-1
block	8	22	10	planks	1	-1
block	8	22	11	stone_brick_stairs	3	-1
block	8	22	17	stone_brick_stairs	2	-1
block	8	22	18	planks	1	-1
block	8	22	19	stone_brick_stairs	3	-1
block	9	22	5	stone_brick_stairs	2	-1
block	9	22	6	planks	1	-1
block	9	22	10	planks	1	-1
block	9	22	11	stone_brick_stairs	3	-1
block	9	22	18	stone_brick_stairs	1	-1
block	10	22	5	stone_brick_stairs	2	-1
block	10	22	6	planks	1	-1
block	10	22	7	planks	1	-1
block	10	22	8	planks	1	-1
block	10	22	9	planks	1	-1
block	10	22	10	planks	1	-1
block	10	22	11	stone_brick_stairs	3	-1
block	11	22	5	stone_brick_stairs	2	-1
block	11	22	11	stone_brick_stairs	3	-1
block	14	22	13	stone_brick_stairs	2	-1
block	14	22	19	stone_brick_stairs	3	-1
block	15	22	13	stone_brick_stairs	2	-1
block	15	22	14	planks	1	-1
block	15	22	15	planks	1	-1
block	15	22	16	planks	1	-1
block	15	22	17	planks	1	-1
block	15	22	18	planks	1	-1
block	15	22	19	stone_brick_stairs	3	-1
block	16	22	6	stone_brick_stairs	0	-1
block	16	22	13	stone_brick_stairs	2	-1
block	16	22	14	planks	1	-1
block	16	22	18	planks	1	-1
block	16	22	19	stone_brick_stairs	3	-1
block	17	22	5	stone_brick_stairs	2	-1
block	17	22	6	planks	1	-1
block	17	22	7	stone_brick_stairs	3	-1
block	17	22	13	stone_brick_stairs	2	-1
block	17	22	14	planks	1	-1
block	17	22	18	planks	1	-1
block	17	22	19	stone_brick_stairs	3	-1
block	18	22	6	stone_brick_stairs	1	-1
block	18	22	13	stone_slab	5	-1
block	18	22	14	planks	1	-1
block	18	22	18	planks	1	-1
block	18	22	19	stone_slab	5	-1
block	19	22	13	stone_brick_stairs	2	-1
block	19	22	14	planks	1	-1
block	19	22	18	planks	1	-1
block	19	22	19	stone_brick_stairs	3	-1
block	20	22	13	stone_brick_stairs	2	-1
block	20	22	14	planks	1	-1
chest	20	22	17	chest	0	8
block	20	22	18	planks	1	-1
block	20	22	19	stone_brick_stairs	3	-1
block	21	22	13	stone_brick_stairs	2	-1
block	21	22	14	planks	1	-1
block	21	22	15	planks	1	-1
block	21	22	16	planks	1	-1
block	21	22	17	planks	1	-1
block	21	22	18	planks	1	-1
block	21	22	19	stone_brick_stairs	3	-1
block	22	22	13	stone_brick_stairs	2	-1
block	22	22	19	stone_brick_stairs	3	-1
block	3	23	6	stone_brick_stairs	2	-1
block	3	23	10	stone_brick_stairs	3	-1
block	4	23	6	stone_brick_stairs	2	-1
block	4	23	7	planks	1	-1
block	4	23	8	fence	0	-1
block	4	23	9	planks	1	-1
block	4	23	10	stone_brick_stairs	3	-1
block	5	23	6	stonebrick	0	-1
block	5	23	10	stonebrick	0	-1
block	6	23	6	planks	1	-1
block	6	23	10	planks	1	-1
block	7	23	6	fence	0	-1
block	7	23	10	fence	0	-1
block	8	23	6	planks	1	-1
block	8	23	10	planks	1	-1
block	8	23	18	planks	1	-1
block	9	23	6	stonebrick	0	-1
block	9	23	10	stonebrick	0	-1
block	10	23	6	stone_brick_stairs	2	-1
block	10	23	7	planks	1	-1
block	10	23	8	fence	0	-1
block	10	23	9	planks	1	-1
block	10	23	10	stone_brick_stairs	3	-1
block	11	23	6	stone_brick_stairs	2	-1
block	11	23	10	stone_brick_stairs	3	-1
block	12	23	6	stone_brick_stairs	5	-1
block	12	23	10	stone_brick_stairs	5	-1
block	13	23	14	stone_brick_stairs	4	-1
block	13	23	18	stone_brick_stairs	4	-1
block	14	23	14	stone_brick_stairs	2	-1
block	14	23	18	stone_brick_stairs	3	-1
block	15	23	14	stone_brick_stairs	2	-1
block	15	23	15	planks	1	-1
block	15	23	16	fence	0	-1
block	15	23	17	planks	1	-1
block	15	23	18	stone_brick_stairs	3	-1
block	16	23	14	stonebrick	0	-1
block	16	23	18	stonebrick	0	-1
block	17	23	6	planks	1	-1
block	17	23	14	planks	1	-1
block	17	23	18	planks	1	-1
block	18	23	14	fence	0	-1
block	18	23	18	fence	0	-1
block	19	23	14	planks	1	-1
block	19	23	18	planks	1	-1
block	20	23	14	stonebrick	0	-1
block	20	23	18	stonebrick	0	-1
block	21	23	14	stone_brick_stairs	2	-1
block	21	23	15	planks	1	-1
block	21	23	16	fence	0	-1
block	21	23	17	planks	1	-1
block	21	23	18	stone_brick_stairs	3	-1
block	22	23	14	stone_brick_stairs	2	-1
block	22	23	18	stone_brick_stairs	3	-1
block	3	24	7	stone_brick_stairs	2	-1
block	3	24	9	stone_brick_stairs	3	-1
block	4	24	7	stone_brick_stairs	2	-1
block	4	24	8	planks	1	-1
block	4	24	9	stone_brick_stairs	3	-1
block	5	24	7	stone_brick_stairs	2	-1
block	5	24	9	stone_brick_stairs	3	-1
block	6	24	5	stone_brick_stairs	6	-1
block	6	24	6	stone_brick_stairs	0	-1
block	6	24	7	stonebrick	0	-1
block	6	24	9	stonebrick	0	-1
block	6	24	10	stone_brick_stairs	0	-1
block	6	24	11	stone_brick_stairs	7	-1
block	7	24	6	planks	1	-1
block	7	24	7	planks	1	-1
block	7	24	9	planks	1	-1
block	7	24	10	planks	1	-1
block	8	24	5	stone_brick_stairs	6	-1
block	8	24	6	stone_brick_stairs	1	-1
block	8	24	7	stonebrick	0	-1
block	8	24	9	stonebrick	0	-1
block	8	24	10	stone_brick_stairs	1	-1
block	8	24	11	stone_brick_stairs	7	-1
block	8	24	18	fence	0	-1
block	9	24	7	stone_brick_stairs	2	-1
block	9	24	9	stone_brick_stairs	3	-1
block	10	24	7	stone_brick_stairs	2	-1
block	10	24	8	planks	1	-1
block	10	24	9	stone_brick_stairs	3	-1
block	11	24	7	stone_brick_stairs	2	-1
block	11	24	9	stone_brick_stairs	3	-1
block	12	24	7	stone_brick_stairs	7	-1
block	12	24	9	stone_brick_stairs	6	-1
block	13	24	15	stone_brick_stairs	7	-1
block	13	24	17	stone_brick_stairs	6	-1
block	14	24	15	stone_brick_stairs	2	-1
block	14	24	17	stone_brick_stairs	3	-1
block	15	24	15	stone_brick_stairs	2	-1
block	15	24	16	planks	1	-1
block	15	24	17	stone_brick_stairs	3	-1
block	16	24	15	stone_brick_stairs	2	-1
block	16	24	17	stone_brick_stairs	3	-1
block	17	24	6	fence	0	-1
block	17	24	13	stone_brick_stairs	6	-1
block	17	24	14	stone_brick_stairs	0	-1
block	17	24	15	stonebrick	0	-1
block	17	24	17	stonebrick	0	-1
block	17	24	18	stone_brick_stairs	0	-1
block	17	24	19	stone_brick_stairs	7	-1
block	18	24	14	planks	1	-1
block	18	24	15	planks	1	-1
block	18	24	17	planks	1	-1
block	18	24	18	planks	1	-1
block	19	24	13	stone_brick_stairs	6	-1
block	19	24	14	stone_brick_stairs	1	-1
block	19	24	15	stonebrick	0	-1
block	19	24	17	stonebrick	0	-1
block	19	24	18	stone_brick_stairs	1	-1
block	19	24	19	stone_brick_stairs	7	-1
block	20	24	15	stone_brick_stairs	2	-1
block	20	24	17	stone_brick_stairs	3	-1
block	21	24	15	stone_brick_stairs	2	-1
block	21	24	16	planks	1	-1
block	21	24	17	stone_brick_stairs	3	-1
block	22	24	15	stone_brick_stairs	2	-1
block	22	24	17	stone_brick_stairs	3	-1
block	3	25	8	stonebrick	0	-1
block	4	25	8	stonebrick	0	-1
block	5	25	8	stonebrick	0	-1
block	6	25	8	stone_slab	5	-1
block	7	25	5	stone_brick_stairs	3	-1
block	7	25	6	stone_slab	5	-1
block	7	25	7	stone_slab	5	-1
block	7	25	8	stone_slab	5	-1
block	7	25	9	stone_slab	5	-1
block	7	25	10	stone_slab	5	-1
block	7	25	11	stone_brick_stairs	2	-1
block	7	25	18	fence	0	-1
block	8	25	8	stone_slab	5	-1
block	8	25	17	fence	0	-1
block	8	25	18	fence	0	-1
block	8	25	19	fence	0	-1
block	9	25	8	stonebrick	0	-1
block	9	25	18	fence	0	-1
block	10	25	8	stonebrick	0	-1
block	11	25	8	stonebrick	0	-1
block	12	25	8	stonebrick	0	-1
block	13	25	16	stonebrick	0	-1
block	14	25	16	stonebrick	0	-1
block	15	25	16	stonebrick	0	-1
block	16	25	6	fence	0	-1
block	16	25	16	stonebrick	0	-1
block	17	25	5	fence	0	-1
block	17	25	6	fence	0	-1
block	17	25	7	fence	0	-1
block	17	25	16	stone_slab	5	-1
block	18	25	6	fence	0	-1
block	18	25	13	stone_brick_stairs	3	-1
block	18	25	14	stone_slab	5	-1
block	18	25	15	stone_slab	5	-1
block	18	25	16	stone_slab	5	-1
block	18	25	17	stone_slab	5	-1
block	18	25	18	stone_slab	5	-1
block	18	25	19	stone_brick_stairs	2	-1
block	19	25	16	stone_slab	5	-1
block	20	25	16	stonebrick	0	-1
block	21	25	16	stonebrick	0	-1
block	22	25	16	stonebrick	0	-1
block	3	26	8	stone_slab	5	-1
block	11	26	8	stone_slab	5	-1
block	12	26	8	stone_slab	5	-1
block	12	26	16	stone_brick_stairs	1	-1
block	13	26	8	stone_brick_stairs	0	-1
block	13	26	16	stone_slab	5	-1
block	14	26	16	stone_slab	5	-1
block	22	26	16	stone_slab	5	-1
